timestamp,theta_est,omega_est
12051354,4.765000343322754,62.88507843017578
12052153,4.825779438018799,86.65274047851562
12052953,4.885509967803955,71.46089172363281
12053753,4.9489359855651855,84.61005401611328
12054552,5.00888729095459,83.79821014404297
12055352,5.060798168182373,79.15530395507812
12056152,5.111828804016113,86.69855499267578
12056952,5.157468795776367,76.32308959960938
12057752,4.8047380447387695,73.52041625976562
12058552,4.881410598754883,63.71912384033203
12059352,4.9715495109558105,74.55269622802734
12060152,5.044221878051758,78.62284088134766
12060953,5.103381633758545,76.56594848632812
12061753,5.154568672180176,73.24339294433594
12062553,5.199114799499512,65.00675964355469
12063353,5.237767219543457,47.12860870361328
12064153,5.273894786834717,-27.248456954956055
12064953,5.3073930740356445,-177.07327270507812
12065753,5.3359479904174805,-173.00296020507812
12066553,5.359921455383301,159.0734405517578
12067353,5.383098602294922,248.0468292236328
12068154,5.402425765991211,-47.76203155517578
12068953,5.41907262802124,47.21915817260742
12069753,5.435914516448975,151.46002197265625
12070553,5.451638221740723,-49.509986877441406
12071353,5.467447757720947,87.10043334960938
12072153,5.482826232910156,58.52811050415039
12072953,5.497385025024414,-24.679365158081055
12073753,5.510985374450684,97.94453430175781
12074553,5.524520397186279,-24.028377532958984
12075353,5.539101600646973,44.8861198425293
12076153,5.595873832702637,31.52025032043457
12076952,5.658637046813965,-13.676764488220215
12077753,5.72498893737793,62.793277740478516
12078552,5.79443883895874,-20.102699279785156
12079352,5.851250648498535,45.785789489746094
12080152,5.908473014831543,8.45272445678711
12080953,5.960833549499512,10.877378463745117
12081753,6.009995460510254,36.151458740234375
12082553,6.050455570220947,4.54289436340332
12083353,6.1012139320373535,80.90397644042969
12084153,6.1659650802612305,74.47622680664062
12084954,6.231699466705322,102.82406616210938
12085754,0.0038728713989257812,67.93840789794922
12086554,0.06765198707580566,74.41146087646484
12087353,0.13870954513549805,86.26512145996094
12088153,0.20839810371398926,42.45426559448242
12088953,0.2726140022277832,74.18855285644531
12089754,0.3343465328216553,48.37562561035156
12090553,0.40056920051574707,55.899513244628906
12091353,0.46930742263793945,-22.18100357055664
12092152,0.5434126853942871,-801.5162353515625
12092952,0.6244502067565918,-3065.11962890625
12093752,0.7039365768432617,-4514.85546875
12094552,0.5353186130523682,-720.3292846679688
12095352,0.6324198246002197,2873.62841796875
12096152,0.7081601619720459,-710.4093627929688
12096953,0.7738380432128906,-1228.6337890625
12097753,0.829857587814331,1861.969970703125
12098553,0.8840184211730957,-873.1778564453125
12099353,0.9365725517272949,-105.98126220703125
12100153,0.9856171607971191,1078.4398193359375
12100954,1.0287768840789795,-1142.56787109375
12101754,1.0670368671417236,776.4234008789062
12102554,1.1007826328277588,-294.93505859375
12103353,1.1313109397888184,-105.48011779785156
12104153,1.1605780124664307,781.7026977539062
12104953,1.1900051832199097,-771.9273681640625
12105753,1.2196903228759766,727.0405883789062
12106552,1.3003809452056885,-264.37109375
12107352,1.4047715663909912,50.84021759033203
12108152,1.5036386251449585,319.30902099609375
12108953,1.5737158060073853,-358.1018981933594
12109753,1.6338902711868286,463.0919189453125
12110553,1.6901451349258423,-310.62664794921875
12111353,1.742781162261963,256.80828857421875
12112154,1.819873571395874,-38.05446243286133
12112953,1.9079798460006714,-1.1873626708984375
12113753,2.00022554397583,235.6770782470703
12114553,2.101548671722412,-50.066978454589844
12115353,2.200411319732666,329.44451904296875
12116153,2.295095205307007,-87.64492797851562
12116953,2.389514923095703,170.77810668945312
12117753,2.485637664794922,32.611000061035156
12118552,2.592226028442383,62.424896240234375
12119352,2.342268943786621,139.8941192626953
12120152,2.4780960083007812,41.87107467651367
12120953,2.605714797973633,202.88282775878906
12121753,2.713477849960327,49.95884323120117
12122554,2.802474021911621,180.95407104492188
12123353,2.8787879943847656,86.58234405517578
12124153,2.94856333732605,125.10348510742188
12124953,3.0128822326660156,126.91868591308594
12125753,3.068531036376953,62.617881774902344
12126553,3.1128008365631104,-6.615653991699219
12127353,3.146268844604492,-130.36996459960938
12128152,3.1773831844329834,138.84811401367188
12128952,3.2125155925750732,274.4942626953125
12129752,3.3250479698181152,70.96244812011719
12130552,3.4497735500335693,11.715755462646484
12131352,3.5628840923309326,185.96774291992188
12132152,3.6569511890411377,27.283029556274414
12132954,3.732556104660034,47.18817138671875
12133753,3.8023509979248047,121.70449829101562
12134553,3.8862881660461426,-38.1922721862793
12135353,3.97672700881958,98.94021606445312
12136153,4.089014053344727,44.17841339111328
12136953,4.20921516418457,105.705810546875
12137753,4.333978652954102,207.14451599121094
12138552,4.462416648864746,106.60945892333984
12139352,4.597233772277832,144.62103271484375
12140152,4.395512580871582,65.63710021972656
12140952,4.579627513885498,99.57686614990234
12141753,4.706404209136963,107.53787994384766
12142553,4.7959980964660645,106.57405853271484
12143353,4.880632400512695,164.050048828125
12144154,4.966547012329102,126.97099304199219
12144953,5.0493340492248535,180.65777587890625
12145753,5.127192497253418,138.76348876953125
12146553,5.19140625,96.93095397949219
12147353,5.245550632476807,-11.093024253845215
12148152,5.295819282531738,-36.228675842285156
12148952,5.431872367858887,227.69456481933594
12149753,5.548434257507324,221.55860900878906
12150553,5.661974906921387,-6.04441499710083
12151353,5.758612632751465,105.62814331054688
12152153,5.848431587219238,184.8939208984375
12152954,5.95515251159668,5.160194396972656
12153754,6.069090843200684,121.37310791015625
12154553,6.194196701049805,85.99617004394531
12155353,0.02197122573852539,28.9553165435791
12156153,0.14501333236694336,202.02935791015625
12156952,0.28363561630249023,124.14337921142578
12157752,0.13063526153564453,165.5330047607422
12158552,0.31525158882141113,112.08358001708984
12159353,0.47821760177612305,91.01835632324219
12160153,0.6036226749420166,167.90017700195312
12160954,0.7040889263153076,-2.2915260791778564
12161754,0.7909197807312012,-695.7760009765625
12162554,0.8734943866729736,-3011.258544921875
12163353,0.9483668804168701,-4449.029296875
12164153,1.0140306949615479,-680.8212280273438
12164953,1.070112705230713,2777.998779296875
12165752,1.1979087591171265,-750.1915283203125
12166553,1.346873164176941,-1093.100830078125
12167353,1.4754045009613037,2069.9169921875
12168153,1.5691877603530884,-936.417236328125
12168953,1.645096778869629,-116.67367553710938
12169753,1.7456080913543701,1183.995849609375
12170553,1.8686633110046387,-1171.8349609375
12171353,2.023369789123535,972.826416015625
12172153,2.1913678646087646,-172.5225067138672
12172952,2.3611743450164795,-188.541748046875
12173754,2.189723253250122,896.7553100585938
12174553,2.382218599319458,-619.0950317382812
12175353,2.5436606407165527,746.5679321289062
12176153,2.6675825119018555,-259.78460693359375
12176954,2.7805397510528564,158.7266845703125
12177753,2.8866395950317383,402.34588623046875
12178553,2.9839553833007812,-210.95335388183594
12179353,3.0660641193389893,651.390869140625
12180152,3.1288387775421143,-279.2510070800781
12180951,3.2818262577056885,244.08023071289062
12181752,3.435507297515869,-59.45621871948242
12182553,3.565481424331665,255.59173583984375
12183353,3.6688809394836426,401.5155334472656
12184154,3.772428512573242,-218.46588134765625
12184953,3.8962862491607666,405.931640625
12185753,4.048532009124756,-28.790695190429688
12186553,4.221462726593018,145.8435516357422
12187352,4.403104782104492,123.32793426513672
12188152,4.2339277267456055,114.3726806640625
12188953,4.468463897705078,257.73699951171875
12189753,4.653781414031982,127.55245971679688
12190553,4.771148681640625,160.72332763671875
12191353,4.873088836669922,79.3546142578125
12192153,4.96877384185791,215.63809204101562
12192953,5.0691118240356445,144.1156005859375
12193753,5.163376331329346,245.75982666015625
12194552,5.276806354522705,144.7760009765625
12195353,5.445420265197754,23.220863342285156
12196153,5.588973045349121,51.422218322753906
12196954,5.706955432891846,244.9329833984375
12197755,5.808947563171387,319.9454345703125
12198553,5.934345245361328,-37.57417297363281
12199353,6.086169719696045,139.8113555908203
12200153,6.263871192932129,200.98825073242188
12200952,0.16344094276428223,35.09405517578125
12201752,0.07911539077758789,200.19107055664062
12202553,0.2990901470184326,196.56124877929688
12203353,0.479144811630249,160.06045532226562
12204153,0.6226434707641602,189.89407348632812
12204954,0.7470245361328125,80.719482421875
12205753,0.8623344898223877,124.94237518310547
12206553,0.9605164527893066,-316.58380126953125
12207352,1.0662736892700195,-1935.08837890625
12208153,1.250241994857788,-3279.615234375
12208953,1.4141933917999268,-1361.8017578125
12209754,1.5365287065505981,760.4578247070312
12210554,1.6267361640930176,-1237.708251953125
12211353,1.7426958084106445,222.24166870117188
12212154,1.9058585166931152,1843.89404296875
12212953,2.1130332946777344,-1735.517578125
12213752,2.0084238052368164,809.4479370117188
12214553,2.237144947052002,920.4727172851562
12215353,2.4416446685791016,-1409.811279296875
12216153,2.603067398071289,1807.87548828125
12216953,2.7324299812316895,-746.0648193359375
12217753,2.8468241691589355,82.91763305664062
12218553,2.965935230255127,935.5695190429688
12219352,3.0717976093292236,-969.027099609375
12220152,3.2387709617614746,1372.4793701171875
12220952,3.4214975833892822,-683.3515625
12221753,3.5688421726226807,345.350830078125
12222554,3.6857073307037354,396.94268798828125
12223353,3.8225257396698,-213.9739532470703
12224153,4.005645751953125,844.55615234375
12224952,4.238381385803223,-648.95703125
12225752,4.14155912399292,792.3238525390625
12226553,4.418709754943848,-190.34043884277344
12227353,4.625884056091309,205.9260711669922
12228153,4.7521562576293945,476.7450866699219
12228953,4.870569705963135,-202.7239990234375
12229753,4.998395919799805,582.1784057617188
12230553,5.123985290527344,-217.9080352783203
12231352,5.2890238761901855,498.1519775390625
12232153,5.47042179107666,103.63968658447266
12232953,5.627067565917969,105.4686279296875
12233754,5.754444599151611,204.65394592285156
12234553,5.883884429931641,122.56959533691406
12235353,6.037799835205078,479.3992919921875
12236152,6.239513397216797,-143.6961212158203
12236953,6.235125541687012,264.61279296875
12237753,0.16823768615722656,204.82183837890625
12238553,0.3811917304992676,111.52545166015625
12239354,0.5500566959381104,296.57720947265625
12240154,0.6970875263214111,179.24710083007812
12240953,0.8392343521118164,153.97796630859375
12241753,0.9627683162689209,110.5915756225586
12242552,1.1571860313415527,-213.03428649902344
12243353,1.3519997596740723,-1544.618408203125
12244153,1.501384973526001,-3121.458984375
12244953,1.6103744506835938,-2528.3515625
12245753,1.7582998275756836,79.27459716796875
12246553,1.9853991270065308,821.13037109375
12247352,1.9167793989181519,229.1763916015625
12248153,2.184448480606079,-18.92041778564453
12248953,2.422903537750244,77.96842956542969
12249754,2.601781129837036,538.0447998046875
12250553,2.748896360397339,-26.175134658813477
12251353,2.8884544372558594,244.2938232421875
12252152,3.0171151161193848,343.5640869140625
12252952,3.2012932300567627,-175.26995849609375
12253753,3.389740467071533,579.649658203125
12254553,3.5498828887939453,-9.829402923583984
12255353,3.681795120239258,85.50215148925781
12256153,3.8365039825439453,414.02996826171875
12256952,4.070126533508301,100.88533782958984
12257752,4.04210090637207,409.3056640625
12258553,4.339532852172852,-119.96270751953125
12259353,4.579774379730225,388.98370361328125
12260153,4.728922367095947,171.7286834716797
12260953,4.866447448730469,112.24561309814453
12261753,5.023836135864258,436.58648681640625
12262552,5.193576812744141,-83.79215240478516
12263353,5.4155049324035645,390.7268371582031
12264159,5.595963478088379,117.04893493652344
12264954,5.733696937561035,199.5838623046875
12265754,5.879343032836914,219.42709350585938
12266553,6.0761308670043945,208.26052856445312
12267352,6.094086647033691,435.870849609375
12268153,0.06380653381347656,-47.23910140991211
12268953,0.32187318801879883,255.96795654296875
12269754,0.5174918174743652,277.84527587890625
12270553,0.6744344234466553,178.31289672851562
12271353,0.822657585144043,297.026611328125
12272152,0.9832780361175537,156.88449096679688
12272953,1.2165886163711548,146.96607971191406
12273754,1.406760334968567,38.92757797241211
12274553,1.5459240674972534,-1103.4248046875
12275353,1.673628807067871,-3641.373779296875
12276153,1.886779546737671,-3878.95361328125
12276952,1.8870594501495361,906.8751220703125
12277753,2.1812126636505127,2606.4453125
12278553,2.439502716064453,-1591.3214111328125
12279353,2.6257498264312744,-24.188720703125
12280153,2.785290479660034,1766.2900390625
12280952,2.9475812911987305,-1233.8095703125
12281752,3.1420578956604004,851.573486328125
12282553,3.3513340950012207,418.74261474609375
12283353,3.5362908840179443,-682.77978515625
12284153,3.6864871978759766,1237.157958984375
12284953,3.8671014308929443,-592.2193603515625
12285752,4.137866020202637,640.5474853515625
12286553,4.173391342163086,507.72747802734375
12287353,4.466472625732422,-390.85369873046875
12288158,4.668660640716553,826.021240234375
12288953,4.813611030578613,-268.4520263671875
12289754,4.977634906768799,584.9915161132812
12290552,5.17689323425293,116.728759765625
12291353,5.409137725830078,122.91007995605469
12292153,5.6018218994140625,424.1680603027344
12292953,5.749388217926025,-79.17071533203125
12293753,5.922778129577637,519.26416015625
12294552,6.1832709312438965,-3.222381591796875
12295353,6.2548508644104,535.3784790039062
12296158,0.24440407752990723,123.99272155761719
12296954,0.4713723659515381,63.190277099609375
12297753,0.651888370513916,448.3019714355469
12298553,0.8221092224121094,117.7518310546875
12299353,1.0178349018096924,371.055419921875
12300153,1.2660753726959229,107.44284057617188
12300953,1.4561271667480469,189.82872009277344
12301753,1.5920354127883911,-362.43621826171875
12302553,1.7600791454315186,-2235.22119140625
12303352,1.8005472421646118,-4341.22705078125
12304158,2.1048383712768555,-1858.522705078125
12304953,2.3769776821136475,2843.099853515625
12305753,2.5803942680358887,477.99249267578125
12306553,2.7594339847564697,-1634.75244140625
12307352,2.9446802139282227,1738.16552734375
12308152,3.1750519275665283,143.27322387695312
12308954,3.4057977199554443,-779.4356689453125
12309754,3.5847063064575195,1449.7025146484375
12310553,3.761280059814453,-726.200439453125
12311352,4.020727157592773,525.7007446289062
12312158,4.07647180557251,647.4210815429688
12312953,4.412847518920898,-398.03546142578125
12313754,4.646816253662109,1024.945556640625
12314554,4.808887004852295,-476.08740234375
12315353,4.987993240356445,682.9348754882812
12316152,5.223337173461914,274.6856689453125
12316953,5.456957817077637,-77.51449584960938
12317754,5.637633800506592,715.575927734375
12318553,5.794416427612305,-304.5641784667969
12319352,6.005399703979492,678.06005859375
12320157,6.132716178894043,17.291122436523438
12320953,0.13682293891906738,414.734619140625
12321754,0.40082716941833496,388.2482604980469
12322553,0.6090924739837646,-125.83280181884766
12323353,0.7988402843475342,604.8011474609375
12324152,1.0293357372283936,81.85099792480469
12324953,1.2911430597305298,358.7762451171875
12325754,1.4866400957107544,122.37361145019531
12326553,1.6309444904327393,13.673002243041992
12327353,1.8598531484603882,-1010.8295288085938
12328158,1.938699722290039,-3563.8662109375
12328953,2.267164945602417,-3733.5673828125
12329754,2.512822389602661,798.1934814453125
12330553,2.7046728134155273,2684.489990234375
12331352,2.8909764289855957,-1475.69970703125
12332152,3.1472513675689697,73.05204772949219
12332953,3.3835222721099854,1738.110107421875
12333753,3.5713276863098145,-1263.9581298828125
12334553,3.7576756477355957,822.6680908203125
12335352,4.042092800140381,539.5853881835938
12336158,4.158871650695801,-578.6409301757812
12336953,4.489973068237305,1352.277587890625
12337753,4.707418441772461,-426.5440368652344
12338553,4.890214920043945,405.9832763671875
12339352,5.104565143585205,531.1070556640625
12340153,5.384921073913574,-176.18081665039062
12340955,5.594892501831055,821.7289428710938
12341753,5.7664690017700195,-301.0583801269531
12342552,5.984241962432861,592.664306640625
12343352,6.149972438812256,158.11196899414062
12344158,0.15731477737426758,246.27188110351562
12344954,0.41610145568847656,625.893310546875
12345753,0.6271488666534424,-118.3492431640625
12346552,0.8302278518676758,530.4281005859375
12347353,1.1041359901428223,128.89102172851562
12348154,1.3553411960601807,437.8453369140625
12348954,1.539321780204773,103.05963134765625
12349753,1.7217559814453125,-137.35354614257812
12350552,1.817495584487915,-1462.476806640625
12351354,2.172450542449951,-4155.05810546875
12352159,2.4567809104919434,-2823.205078125
12352954,2.6677799224853516,1902.460693359375
12353752,2.8710482120513916,1894.056884765625
12354552,3.1411540508270264,-1870.4764404296875
12355353,3.3920087814331055,1070.58740234375
12356153,3.5906896591186523,1080.505859375
12356953,3.7892680168151855,-1338.2352294921875
12357752,3.901562452316284,1503.97412109375
12358553,4.271018028259277,-178.7186279296875
12359353,4.5590362548828125,88.13652038574219
12360158,4.762377738952637,1122.8035888671875
12360952,4.979198455810547,-716.6876220703125
12361753,5.265325546264648,1012.591796875
12362554,5.516345977783203,54.73741912841797
12363354,5.705218315124512,138.9712677001953
12364152,5.922062397003174,608.8731689453125
12364952,6.091097831726074,-258.3542175292969
12365753,0.13285040855407715,817.4107666015625
12366554,0.4136507511138916,42.93638610839844
12367354,0.6411864757537842,481.8934326171875
12368158,0.8525526523590088,222.95578002929688
12368953,1.1545029878616333,161.27964782714844
12369754,1.3932470083236694,640.93359375
12370553,1.572617769241333,-78.91998291015625
12371352,1.8015365600585938,276.0845947265625
12372153,1.956652045249939,-1162.161865234375
12372953,2.2996373176574707,-3405.792236328125
12373753,2.5468688011169434,-3768.216796875
12374553,2.7671899795532227,807.6273193359375
12375352,3.051177740097046,2790.6669921875
12376158,3.330206871032715,-1505.56298828125
12376953,3.5544538497924805,155.81561279296875
12377754,3.7584774494171143,1651.9945068359375
12378552,3.8576016426086426,-1229.16259765625
12379353,4.267979621887207,912.970947265625
12380153,4.581269264221191,675.6111450195312
12380954,4.789443016052246,-488.5048828125
12381752,5.0092058181762695,1258.0556640625
12382553,5.321109294891357,-442.6554260253906
12383354,5.553556442260742,653.9522705078125
12384158,5.740437030792236,512.4876708984375
12384952,5.994698524475098,-344.81268310546875
12385753,6.22556209564209,939.4640502929688
12386554,0.2707631587982178,-236.60726928710938
12387353,0.5389208793640137,803.6900634765625
12388152,0.7725927829742432,232.37564086914062
12388953,1.063791036605835,52.686370849609375
12389753,1.33692467212677,660.5081787109375
12390553,1.542241096496582,4.6374969482421875
12391353,1.7625937461853027,483.1259765625
12392158,1.9465159177780151,-575.5881958007812
12392953,2.289350986480713,-1962.522216796875
12393753,2.5353963375091553,-4253.7392578125
12394552,2.7605292797088623,-1879.0504150390625
12395352,3.0695810317993164,2999.53466796875
12396153,3.350618362426758,504.86669921875
12396953,3.5731232166290283,-1420.276611328125
12397752,3.809947967529297,1619.5113525390625
12398552,4.001021862030029,158.52061462402344
12399353,4.4057111740112305,-701.1822509765625
12400158,4.680261135101318,1677.6343994140625
12400952,4.895694255828857,-533.093505859375
12401753,5.189885139465332,504.3486328125
12402554,5.470209121704102,716.2667236328125
12403354,5.681231498718262,-390.3897399902344
12404153,5.902504920959473,1180.338623046875
12404953,6.157604694366455,-469.52740478515625
12405753,0.19461488723754883,672.69482421875
12406554,0.46798038482666016,447.38555908203125
12407352,0.720177173614502,78.04908752441406
12408158,1.0245137214660645,805.184814453125
12408954,1.3209056854248047,-281.8419189453125
12409754,1.54337477684021,845.3529663085938
12410552,1.7989602088928223,27.495643615722656
12411353,2.005831718444824,-104.55719757080078
12412153,2.354647636413574,-1359.9342041015625
12412953,2.6050636768341064,-4145.4697265625
12413751,2.846107006072998,-2718.2509765625
12414552,3.172506809234619,1853.421630859375
12415353,3.440450668334961,2069.34375
12416158,3.6540989875793457,-1847.63525390625
12416953,3.8216781616210938,1051.567626953125
12417753,4.203865051269531,1068.6650390625
12418553,4.545513153076172,-1219.29296875
12419353,4.790511608123779,1710.55908203125
12420152,5.080573081970215,-132.36746215820312
12420953,5.401159286499023,7.944244384765625
12421753,5.638322830200195,1113.73974609375
12422552,5.859139442443848,-493.57421875
12423352,6.1115922927856445,953.8870239257812
12424159,0.18137764930725098,-76.89413452148438
12424953,0.47669196128845215,340.3005065917969
12425752,0.7243356704711914,808.299560546875
12426553,1.0427336692810059,-146.09039306640625
12427353,1.328055500984192,803.5302734375
12428153,1.5537595748901367,-18.693939208984375
12428952,1.7134459018707275,557.14794921875
12429753,2.076657295227051,-126.28760528564453
12430553,2.40812611579895,-1706.798828125
12431352,2.671304941177368,-3562.5712890625
12432152,2.978830099105835,-3285.0087890625
12432953,3.2935104370117188,2376.6826171875
12433753,3.547412157058716,1701.711181640625
12434553,3.7960798740386963,-1677.580322265625
12435353,4.052968502044678,1070.867431640625
12436158,4.432424545288086,916.154296875
12436953,4.7024431228637695,-934.505615234375
12437753,4.955160617828369,1481.2947998046875
12438553,5.307350158691406,92.22288513183594
12439353,5.5682477951049805,-137.32089233398438
12440152,5.790764808654785,1267.341796875
12440952,6.050904273986816,-537.9144287109375
12441753,0.14592504501342773,892.59228515625
12442555,0.4646108150482178,98.70048522949219
12443352,0.7270398139953613,305.7963562011719
12444158,1.0612947940826416,861.132568359375
12444953,1.3583154678344727,-291.1841735839844
12445753,1.5846195220947266,912.2586059570312
12446552,1.7853097915649414,-2.5021820068359375
12447355,2.1541340351104736,265.27685546875
12448153,2.4472100734710693,-1000.044677734375
12448952,2.716674327850342,-3492.33251953125
12449752,3.0711426734924316,-3445.11376953125
12450553,3.379518508911133,585.37255859375
12451354,3.6272377967834473,3071.65087890625
12452152,3.812565803527832,-1522.04638671875
12452953,4.25629997253418,113.26698303222656
12453753,4.603132247924805,1769.80712890625
12454552,4.859668254852295,-1159.91796875
12455353,5.195097923278809,1214.64013671875
12456159,5.485464096069336,504.0172424316406
12456954,5.707501411437988,-424.5823974609375
12457752,5.938910484313965,1369.835693359375
12458553,0.025486230850219727,-353.7472229003906
12459353,0.367218017578125,532.0293579101562
12460152,0.6687266826629639,609.3257446289062
12460953,1.00941801071167,26.000518798828125
12461753,1.3300505876541138,940.2244262695312
12462553,1.5734504461288452,-201.57106018066406
12463353,1.7719218730926514,717.8905029296875
12464159,2.1813488006591797,145.73260498046875
12464953,2.4924209117889404,-765.760986328125
12465751,2.7719156742095947,-2424.589599609375
12466552,3.123300075531006,-4439.84375
12467353,3.4153430461883545,-145.03370666503906
12468152,3.6624982357025146,2949.17529296875
12468952,3.90175199508667,-263.28057861328125
12469753,4.3407440185546875,-981.2448120117188
12470553,4.67504358291626,1979.7265625
12471353,4.960319519042969,-429.83453369140625
12472159,5.336073875427246,137.57986450195312
12472953,5.596015453338623,1494.5281982421875
12473752,5.8448100090026855,-954.8450317382812
12474553,6.179659843444824,1353.59521484375
12475354,0.24667787551879883,29.686260223388672
12476153,0.5462925434112549,-6.86663818359375
12476953,0.8544220924377441,1184.005615234375
12477753,1.2105456590652466,-319.16552734375
12478553,1.4875943660736084,1050.14111328125
12479353,1.692901372909546,-44.78260040283203
12480159,2.085308313369751,470.8665771484375
12480953,2.435009002685547,163.0216522216797
12481752,2.722747325897217,-1893.08349609375
12482552,3.0890214443206787,-3359.502685546875
12483353,3.406451940536499,-3346.77197265625
12484152,3.665598154067993,2382.10400390625
12484952,3.9374022483825684,1884.86181640625
12485753,4.3408966064453125,-1791.1385498046875
12486553,4.661603927612305,1160.33544921875
12487352,4.963350296020508,997.7420043945312
12488159,5.347722053527832,-757.3096923828125
12488953,5.617092132568359,1424.482177734375
12489752,5.901180267333984,44.083091735839844
12490553,6.257279872894287,19.29705810546875
12491354,0.3363840579986572,1222.707763671875
12492152,0.6493856906890869,-597.7810668945312
12492953,0.9967358112335205,1101.893310546875
12493753,1.3228161334991455,272.7857666015625
12494553,1.5774742364883423,149.39666748046875
12495353,1.8364148139953613,899.3062133789062
12496159,2.23691987991333,-236.1045684814453
12496953,2.544614553451538,307.6711730957031
12497752,2.881272315979004,-2466.70751953125
12498553,3.266166925430298,-3923.255615234375
12499353,3.5576534271240234,-1717.016357421875
12500152,3.788094997406006,2680.796630859375
12500953,4.225887298583984,1161.65966796875
12501753,4.598892688751221,-1973.8834228515625
12502552,4.897768974304199,2074.78173828125
12503353,5.2744526863098145,154.46774291992188
12504159,5.550810813903809,-432.2369079589844
12504952,5.802066802978516,1744.38916015625
12505753,6.169217109680176,-674.6892700195312
12506554,0.26773667335510254,916.915283203125
12507352,0.6115036010742188,499.13897705078125
12508153,0.9787373542785645,-209.56146240234375
12508953,1.3186248540878296,1314.6483154296875
12509753,1.592309832572937,-220.1383514404297
12510554,1.8975169658660889,679.15576171875
12511353,2.2887415885925293,396.48828125
12512158,2.5810751914978027,-265.14447021484375
12512952,2.925483226776123,-1068.83935546875
12513753,3.2955827713012695,-4207.2265625
12514553,3.5819125175476074,-2528.37353515625
12515352,3.8585264682769775,1938.9287109375
12516153,4.3166584968566895,2060.09521484375
12516953,4.678586959838867,-1656.443359375
12517752,5.017398834228516,850.3162231445312
12518554,5.395512580871582,1528.6529541015625
12519353,5.661343097686768,-1232.228515625
12520157,5.991639137268066,1721.1905517578125
12520953,0.07155823707580566,-72.83939361572266
12521753,0.4040510654449463,102.29302978515625
12522552,0.7354714870452881,1240.6602783203125
12523353,1.1353771686553955,-574.6594848632812
12524153,1.4536505937576294,1384.0855712890625
12524952,1.7059096097946167,-22.633934020996094
12525753,2.1441798210144043,368.4660949707031
12526553,2.4894309043884277,704.1922607421875
12527351,2.8299527168273926,-1088.69189453125
12528158,3.216123580932617,-2146.7138671875
12528953,3.5162265300750732,-4526.56982421875
12529752,3.7818329334259033,-187.22518920898438
12530553,4.20574951171875,3194.20166015625
12531353,4.580961227416992,-463.277099609375
12532157,4.9292120933532715,-703.0916748046875
12532954,5.340814590454102,1909.239013671875
12533753,5.628684043884277,-160.28323364257812
12534552,5.9384660720825195,24.912322998046875
12535353,0.06551933288574219,1495.2607421875
12536153,0.4372539520263672,-726.0450439453125
12536952,0.7769932746887207,1143.1326904296875
12537753,1.159079909324646,254.1669921875
12538553,1.4576480388641357,130.32760620117188
12539352,1.7355514764785767,1236.0394287109375
12540159,2.162233591079712,-454.4518737792969
12540953,2.5103065967559814,1051.8441162109375
12541752,2.88405704498291,-897.5062255859375
12542553,3.2808756828308105,-2668.42626953125
12543352,3.5892317295074463,-3772.01806640625
12544152,3.918545961380005,-850.8497314453125
12544953,4.360011100769043,3682.489501953125
12545752,4.701357841491699,-771.9114990234375
12546553,5.072396755218506,-645.9078369140625
12547353,5.437211990356445,2085.10400390625
12548157,5.709875106811523,-451.9304504394531
12548953,6.0975446701049805,400.981201171875
12549755,0.2281033992767334,1197.281494140625
12550552,0.594383716583252,-455.37237548828125
12551353,0.9803061485290527,1017.3632202148438
12552153,1.3428834676742554,348.228515625
12552953,1.670399785041809,193.1808624267578
12553753,2.0258426666259766,1035.0859375
12554553,2.378556966781616,-294.2015380859375
12555352,2.7089977264404297,661.6779174804688
12556158,3.1391139030456543,-1724.86328125
12556953,3.478921413421631,-3841.8291015625
12557752,3.7740683555603027,-2530.767578125
12558553,4.2440948486328125,1747.062255859375
12559353,4.642099380493164,2487.2255859375
12560153,5.025469779968262,-2071.342041015625
12560954,5.409600257873535,1339.01904296875
12561752,5.675912857055664,1222.8485107421875
12562553,6.0609331130981445,-1083.70166015625
12563354,0.1603834629058838,1798.81787109375
12564158,0.5266809463500977,-133.0929412841797
12564954,0.9276039600372314,295.2433776855469
12565753,1.3110535144805908,1095.84765625
12566552,1.6559157371520996,-229.9798583984375
12567354,2.0296618938446045,1136.792236328125
12568153,2.4274611473083496,60.281612396240234
12568951,2.786540985107422,214.52662658691406
12569753,3.1846306324005127,-591.4824829101562
12570553,3.5026004314422607,-3776.927734375
12571352,3.8294737339019775,-3170.51025390625
12572158,4.285640239715576,663.2350463867188
12572952,4.682338714599609,3072.96826171875
12573753,5.098349571228027,-1198.29150390625
12574555,5.469860076904297,-100.21737670898438
12575352,5.768772125244141,2327.8515625
12576153,6.2159423828125,-1237.6334228515625
12576954,0.31145668029785156,1242.0772705078125
12577752,0.6614735126495361,666.5072631835938
12578553,1.0708215236663818,-457.9251708984375
12579353,1.4177558422088623,1553.689208984375
12580158,1.7593233585357666,-267.74066162109375
12580953,2.2020998001098633,884.9403076171875
12581752,2.5598299503326416,447.8638916015625
12582552,2.977971076965332,-508.2021484375
12583353,3.373267889022827,-1453.18310546875
12584152,3.7625443935394287,-4648.828125
12584953,4.12062931060791,-1300.73046875
12585753,4.511003494262695,2783.51123046875
12586552,4.8946452140808105,857.0260009765625
12587354,5.322021484375,-1303.3935546875
12588158,5.63020133972168,1609.6470947265625
12588953,6.042503356933594,790.50634765625
12589754,0.1829662322998047,-782.7815551757812
12590552,0.5777039527893066,1931.9825439453125
12591353,0.9899868965148926,-492.48681640625
12592153,1.356643557548523,664.1773071289062
12592953,1.725946307182312,991.7573852539062
12593754,2.1101274490356445,-396.1506042480469
12594552,2.4658994674682617,1426.644775390625
12595352,2.8765852451324463,-487.5247802734375
12596158,3.3117082118988037,-450.3895263671875
12596953,3.6506106853485107,-3276.67529296875
12597753,4.076956272125244,-3936.663330078125
12598553,4.52655029296875,1557.2958984375
12599352,4.928325176239014,2327.35009765625
12600154,5.336399555206299,-747.9449462890625
12600952,5.625595569610596,-189.44210815429688
12601753,6.049768924713135,2144.35302734375
12602553,0.17401742935180664,-870.4335327148438
12603352,0.5782589912414551,871.5332641601562
12604158,1.0126261711120605,1161.019287109375
12604953,1.3861775398254395,-771.682861328125
12605752,1.783948540687561,1821.3880615234375
12606553,2.2131521701812744,-309.9452819824219
12607352,2.555662155151367,706.1844482421875
12608152,2.9784724712371826,501.1946716308594
12608953,3.374472141265869,-1466.230712890625
12609752,3.7583518028259277,-2507.657958984375
12610553,4.186415195465088,-4303.7998046875
12611353,4.613752365112305,1539.3309326171875
12612158,5.042603492736816,2726.567138671875
12612953,5.4518022537231445,-1259.29443359375
12613752,5.793335914611816,422.81146240234375
12614553,6.255040168762207,1665.696533203125
12615353,0.34005188941955566,-589.3655395507812
12616153,0.7308869361877441,754.225341796875
12616953,1.1584259271621704,1091.3765869140625
12617752,1.5322976112365723,-545.9428100585938
12618553,1.9587275981903076,1575.0833740234375
12619353,2.3828227519989014,-51.49980163574219
12620157,2.7928950786590576,461.1499328613281
12620953,3.22991943359375,350.92340087890625
12621752,3.5751101970672607,-2683.2578125
12622553,4.009403228759766,-3332.16455078125
12623353,4.431245803833008,-2304.40673828125
12624152,4.84817361831665,3367.71484375
12624954,5.2982587814331055,890.07177734375
12625752,5.6316046714782715,-1675.384033203125
12626553,6.099503517150879,2352.04736328125
12627353,0.25359129905700684,37.9616813659668
12628157,0.6634104251861572,-120.45785522460938
12628953,1.0795543193817139,1529.54150390625
12629754,1.4381561279296875,-307.7308349609375
12630553,1.8577216863632202,776.6654052734375
12631353,2.283370018005371,845.0587158203125
12632151,2.6774516105651855,-121.99713134765625
12632953,3.154550075531006,783.3599853515625
12633752,3.524533748626709,-1770.189697265625
12634553,3.9815728664398193,-3622.2197265625
12635353,4.429149150848389,-2630.9521484375
12636157,4.834075927734375,1871.9283447265625
12636954,5.273189544677734,2485.84228515625
12637752,5.599452018737793,-2014.197265625
12638553,6.081233978271484,1498.6737060546875
12639353,0.2230527400970459,1245.892822265625
12640153,0.6543254852294922,-965.029052734375
12640953,1.0943372249603271,1862.379150390625
12641753,1.4835067987442017,-82.46334075927734
12642553,1.950437307357788,384.8808288574219
12643353,2.3443803787231445,1208.564453125
12644157,2.7327301502227783,-323.35260009765625
12644953,3.183516025543213,742.6002807617188
12645752,3.56137752532959,-1584.2813720703125
12646553,4.031988620758057,-3840.4677734375
12647353,4.487714767456055,-2428.25244140625
12648152,4.949069499969482,1820.14111328125
12648953,5.384238243103027,2495.115234375
12649752,5.740512847900391,-1851.7244873046875
12650554,6.2173919677734375,1313.4815673828125
12651353,0.32767581939697266,1388.957763671875
12652153,0.7532947063446045,-1131.95361328125
12652953,1.1985805034637451,1971.012451171875
12653752,1.5979828834533691,-80.13107299804688
12654554,2.083759069442749,350.69561767578125
12655352,2.492088556289673,1344.6483154296875
12656158,2.951810359954834,-442.4391784667969
12656953,3.364091396331787,639.9539184570312
12657752,3.7427871227264404,-2300.69775390625
12658553,4.230058670043945,-4094.87158203125
12659352,4.666114807128906,-1311.6278076171875
12660153,5.1473212242126465,2585.5712890625
12660953,5.527939319610596,1429.8349609375
12661752,5.989168167114258,-1760.8046875
12662553,0.18014812469482422,2174.833984375
12663352,0.5924263000488281,471.48956298828125
12664159,1.019648551940918,-648.6722412109375
12664953,1.4197567701339722,2084.86279296875
12665753,1.906005620956421,-675.0499877929688
12666553,2.332749605178833,1088.7745361328125
12667352,2.761073350906372,798.588623046875
12668154,3.2318389415740967,-415.9034729003906
12668952,3.6253325939178467,116.97381591796875
12669753,4.121761322021484,-3945.086669921875
12670553,4.550205230712891,-3193.658447265625
12671354,5.007988929748535,1028.0859375
12672158,5.429476261138916,2683.87841796875
12672952,5.841747283935547,-680.4637451171875
12673754,0.05911421775817871,-230.86199951171875
12674552,0.49244165420532227,2451.49365234375
12675353,0.9581151008605957,-1124.8909912109375
12676153,1.3805079460144043,1214.54248046875
12676953,1.8434096574783325,1005.5528564453125
12677753,2.2850394248962402,-577.77978515625
12678551,2.696174144744873,1839.727783203125
12679353,3.177520275115967,-558.4342041015625
12680157,3.5733537673950195,69.36211395263672
12680953,4.0883965492248535,-2401.294677734375
12681753,4.556848526000977,-4542.822265625
12682553,5.04240608215332,463.2455139160156
12683353,5.444222450256348,2636.37841796875
12684152,5.84876823425293,249.84146118164062
12684954,0.06432104110717773,-946.910400390625
12685752,0.49745607376098633,2234.9951171875
12686553,0.9630849361419678,-127.19452667236328
12687353,1.3964523077011108,-3.39093017578125
12688158,1.9262561798095703,1953.36474609375
12688953,2.361755847930908,-864.2935791015625
12689752,2.787297248840332,1609.884033203125
12690553,3.242527961730957,103.69794464111328
12691352,3.62621808052063,-764.4332885742188
12692153,4.166144371032715,-1726.8646240234375
12692952,4.617204666137695,-4925.8798828125
12693753,5.108954429626465,533.6571044921875
12694553,5.52416467666626,2859.53662109375
12695353,6.018705368041992,-67.81280517578125
12696159,0.2171485424041748,-495.7841491699219
12696952,0.6443712711334229,1862.626708984375
12697753,1.0862295627593994,90.21220397949219
12698552,1.5217602252960205,-97.69036865234375
12699353,2.047341823577881,1908.731689453125
12700152,2.4588840007781982,-711.44189453125
12700953,2.968806505203247,1420.181884765625
12701753,3.412003755569458,227.8922576904297
12702552,3.8564553260803223,-1274.14892578125
12703353,4.360432147979736,-2253.57177734375
12704157,4.8158416748046875,-4597.185546875
12704953,5.292179107666016,1886.026611328125
12705752,5.689160346984863,2577.05859375
12706554,6.250634670257568,-1048.6134033203125
12707353,0.4146273136138916,576.1683959960938
12708154,0.8861851692199707,1570.868896484375
12708953,1.3185070753097534,-309.8731689453125
12709753,1.801496148109436,685.5322875976562
12710553,2.2807936668395996,1246.8529052734375
12711352,2.7202887535095215,-456.26605224609375
12712153,3.2143239974975586,1526.18798828125
12712952,3.6417012214660645,-604.2870483398438
12713753,4.171774864196777,-1844.892333984375
12714552,4.642484188079834,-3476.6865234375
12715353,5.1313629150390625,-2403.095703125
12716152,5.524391174316406,3919.1220703125
12716953,6.040327072143555,309.69207763671875
12717754,0.25693321228027344,-995.8634643554688
12718553,0.7248246669769287,2006.9962158203125
12719354,1.2033971548080444,223.922607421875
12720157,1.6881471872329712,52.554412841796875
12720954,2.2050888538360596,1435.346923828125
12721753,2.6005382537841797,81.49028778076172
12722553,3.098477363586426,556.7161254882812
12723352,3.5278775691986084,689.99609375
12724154,4.038783550262451,-2032.525634765625
12724952,4.537227153778076,-2924.72412109375
12725753,5.072028160095215,-3202.44873046875
12726553,5.4959282875061035,2419.451904296875
12727353,6.0012969970703125,2433.689453125
12728158,0.21807193756103516,-1990.61328125
12728953,0.6773746013641357,1846.378662109375
12729753,1.1408319473266602,828.7211303710938
12730552,1.6167364120483398,-473.6224060058594
12731353,2.1692492961883545,1628.9560546875
12732151,2.596743106842041,169.57325744628906
12732953,3.112781524658203,484.4361572265625
12733752,3.532257556915283,912.809326171875
12734553,4.029817581176758,-1363.0927734375
12735352,4.534299373626709,-2725.2177734375
12736153,5.058834075927734,-3661.259765625
12736952,5.484485626220703,919.5360107421875
12737754,6.030787944793701,3459.7265625
12738553,0.26045989990234375,-1525.08642578125
12739353,0.7413349151611328,704.5404052734375
12740153,1.1904735565185547,1846.04150390625
12740952,1.6782317161560059,-820.0132446289062
12741753,2.2037549018859863,1331.176025390625
12742551,2.6607253551483154,708.7039794921875
12743353,3.16526460647583,6.2048797607421875
12744157,3.6243836879730225,984.8975830078125
12744953,4.154409408569336,-1790.657470703125
12745752,4.648860931396484,-3478.3486328125
12746553,5.149478912353516,-2511.787109375
12747352,5.556859970092773,1841.93017578125
12748153,6.133476734161377,2700.66357421875
12748953,0.34769129753112793,-1902.747314453125
12749753,0.8558621406555176,1548.4095458984375
12750553,1.334146499633789,1395.33056640625
12751353,1.8733142614364624,-1011.5709228515625
12752153,2.3297171592712402,2122.0205078125
12752952,2.829340934753418,-138.19137573242188
12753753,3.3091673851013184,529.9884033203125
12754552,3.798419713973999,867.9322509765625
12755353,4.3402228355407715,-2081.6552734375
12756152,4.8850908279418945,-2879.4912109375
12756953,5.35288667678833,-3144.86669921875
12757752,5.807168960571289,2400.081787109375
12758553,0.0628659725189209,2444.085205078125
12759352,0.5558047294616699,-1911.5269775390625
12760159,1.0494377613067627,1723.725830078125
12760952,1.551241159439087,1081.109619140625
12761753,2.1158275604248047,-626.1861572265625
12762552,2.560425043106079,1797.565673828125
12763353,3.0852928161621094,137.98602294921875
12764152,3.5293636322021484,367.8938293457031
12764953,4.060688495635986,274.2161865234375
12765752,4.588939666748047,-3233.70654296875
12766553,5.127645492553711,-3335.77587890625
12767352,5.568799018859863,-461.1984558105469
12768158,6.173616409301758,3302.61572265625
12768953,0.3711256980895996,263.7065124511719
12769753,0.8560702800750732,-1153.31884765625
12770553,1.3414517641067505,2787.580322265625
12771353,1.907752513885498,-635.764404296875
12772152,2.377377986907959,548.2229614257812
12772953,2.9343669414520264,1713.824951171875
12773752,3.4142861366271973,-751.2637329101562
12774553,3.9326539039611816,1159.5123291015625
12775353,4.444818496704102,-2385.23486328125
12776153,4.9951558113098145,-3982.328125
12776953,5.437772750854492,-1078.70556640625
12777753,5.993326187133789,2415.305419921875
12778553,0.25582432746887207,1761.8486328125
12779354,0.792433500289917,-1780.769775390625
12780154,1.2578130960464478,2284.961669921875
12780953,1.805585265159607,601.0447387695312
12781753,2.2866289615631104,-613.7772216796875
12782552,2.8145718574523926,2313.69873046875
12783353,3.3112688064575195,-676.2462158203125
12784152,3.8461544513702393,1014.8040771484375
12784953,4.390244007110596,-508.1246337890625
12785753,4.95475959777832,-3808.3505859375
12786553,5.400666236877441,-2553.201904296875
12787353,5.934650897979736,337.9448547363281
12788153,0.19041752815246582,3563.071044921875
12788953,0.7152011394500732,-1158.8858642578125
12789753,1.2124351263046265,112.17703247070312
12790553,1.8004553318023682,2561.1259765625
12791353,2.2916929721832275,-1266.3394775390625
12792152,2.814218521118164,1718.4052734375
12792953,3.300388813018799,704.1827392578125
12793753,3.8277108669281006,-371.0730285644531
12794553,4.365907669067383,359.1031494140625
12795354,4.959474086761475,-4008.9990234375
12796153,5.425230026245117,-2973.0537109375
12796953,5.9888200759887695,1145.9818115234375
12797753,0.22598767280578613,2765.4541015625
12798553,0.754845142364502,-466.926025390625
12799353,1.2415128946304321,-256.3135986328125
12800158,1.8221290111541748,2535.04052734375
12800953,2.3266937732696533,-966.9780883789062
12801752,2.905573606491089,1266.12744140625
12802552,3.3822340965270996,1202.677001953125
12803353,3.9129562377929688,-727.6522216796875
12804152,4.448246002197266,627.7714233398438
12804953,5.025604248046875,-4100.62841796875
12805752,5.471865653991699,-3055.6337890625
12806553,6.094751358032227,1330.35986328125
12807353,0.34432053565979004,2522.99365234375
12808158,0.8640260696411133,-210.7932891845703
12808952,1.3613098859786987,-404.1770324707031
12809753,1.9514845609664917,2689.7197265625
12810551,2.4226479530334473,-1040.8466796875
12811353,2.9869213104248047,1222.0616455078125
12812152,3.497265338897705,1282.516357421875
12812953,4.071445941925049,-993.7919311523438
12813752,4.618862628936768,233.0091552734375
12814554,5.15672492980957,-4660.11962890625
12815352,5.6354570388793945,-2187.1455078125
12816159,6.242038249969482,2479.74267578125
12816952,0.5018942356109619,1673.5489501953125
12817753,1.0209479331970215,-636.8633422851562
12818553,1.5700132846832275,570.9903564453125
12819353,2.132842540740967,2056.897705078125
12820152,2.6565439701080322,-1019.0
12820953,3.1829957962036133,1833.5947265625
12821752,3.7246546745300293,452.2107238769531
12822554,4.282370090484619,-664.3284912109375
12823353,4.912395477294922,-558.19384765625
12824158,5.387900352478027,-5137.9208984375
12824953,5.958074569702148,-596.8576049804688
12825753,0.21382713317871094,2800.650146484375
12826553,0.7738237380981445,972.4083251953125
12827353,1.2715270519256592,-775.611572265625
12828153,1.9088228940963745,1373.550048828125
12828952,2.396831512451172,1314.015625
12829753,2.9790444374084473,-836.1649169921875
12830552,3.4722259044647217,2315.7236328125
12831353,4.027970790863037,-488.8980712890625
12832152,4.603933334350586,-585.32275390625
12832953,5.157796859741211,-2418.57080078125
12833753,5.681792259216309,-4554.7802734375
12834554,0.010873556137084961,2388.454345703125
12835352,0.5768489837646484,2212.623046875
12836158,1.0538897514343262,-490.70428466796875
12836952,1.6461058855056763,336.1771240234375
12837753,2.195697784423828,1767.919921875
12838552,2.7827937602996826,-117.86209869384766
12839353,3.3141496181488037,628.449462890625
12840153,3.8980207443237305,1513.5355224609375
12840952,4.431878089904785,-1488.89306640625
12841754,5.041342258453369,-1292.39306640625
12842553,5.493863105773926,-4498.0029296875
12843353,6.136401176452637,-151.80023193359375
12844157,0.43416452407836914,3944.994140625
12844953,0.9521117210388184,-865.8016357421875
12845752,1.4972230195999146,286.6761474609375
12846553,2.071897268295288,1689.491943359375
12847351,2.6243600845336914,229.27957153320312
12848153,3.1629416942596436,377.77197265625
12848952,3.7414021492004395,1450.810546875
12849753,4.316248416900635,-377.4190673828125
12850553,4.9628448486328125,-843.2669677734375
12851352,5.417505264282227,-3347.9462890625
12852153,6.054718494415283,-3255.845703125
12852953,0.3102428913116455,3220.904541015625
12853753,0.853060245513916,1496.00927734375
12854552,1.4228975772857666,-887.880126953125
12855353,2.0460855960845947,1203.38134765625
12856158,2.5536916255950928,1348.216064453125
12856954,3.110912561416626,-278.5370178222656
12857752,3.6799395084381104,1316.3740234375
12858553,4.2371826171875,490.4563903808594
12859353,4.8961591720581055,-1981.545166015625
12860153,5.398543357849121,-2491.8349609375
12860953,6.050319671630859,-3576.26416015625
12861753,0.3015890121459961,2985.504150390625
12862553,0.8631472587585449,2259.940185546875
12863352,1.4203826189041138,-1790.1375732421875
12864159,2.014711380004883,2025.058837890625
12864952,2.567796230316162,744.6296997070312
12865753,3.142080068588257,-28.93853759765625
12866552,3.708897113800049,1418.596435546875
12867353,4.260758399963379,158.71365356445312
12868154,4.934892654418945,-1403.0751953125
12868952,5.4082746505737305,-3071.643310546875
12869754,6.09144926071167,-3120.84716796875
12870554,0.36498332023620605,2707.8486328125
12871353,0.9164199829101562,2334.71484375
12872158,1.4785761833190918,-1693.656494140625
12872953,2.0699000358581543,1888.0860595703125
12873751,2.641242265701294,1006.5706787109375
12874553,3.178262710571289,-324.90692138671875
12875352,3.8211679458618164,1652.87255859375
12876153,4.3833231925964355,6.559621334075928
12876953,5.0385661125183105,-1342.7841796875
12877752,5.495387077331543,-3012.905517578125
12878553,6.1652350425720215,-3163.68115234375
12879352,0.44803690910339355,2771.69384765625
12880159,0.9900026321411133,2239.123779296875
12880952,1.6110070943832397,-1597.0771484375
12881753,2.1775689125061035,1788.28271484375
12882552,2.8020923137664795,1100.5982666015625
12883352,3.3234875202178955,-295.3121337890625
12884153,3.938572883605957,1632.859130859375
12884953,4.536776542663574,-3.514028549194336
12885753,5.165569305419922,-1362.9696044921875
12886552,5.693243503570557,-2963.538818359375
12887353,0.013124465942382812,-3221.7607421875
12888158,0.6481988430023193,2864.03759765625
12888953,1.148192048072815,2249.358154296875
12889753,1.852852463722229,-1640.506591796875
12890552,2.369342803955078,1807.506591796875
12891353,3.013502597808838,1092.073486328125
12892152,3.5448505878448486,-295.383544921875
12892953,4.120785236358643,1597.7205810546875
12893753,4.778383255004883,-511.78546142578125
12894553,5.297513484954834,-2692.0634765625
12895353,6.0016374588012695,-3219.635009765625
12896158,0.2882730960845947,-701.8475341796875
12896953,0.8812689781188965,3870.9990234375
12897752,1.4424020051956177,-35.72050476074219
12898553,2.060652732849121,-816.130126953125
12899351,2.641792058944702,2872.041015625
12900153,3.2072300910949707,-656.4625854492188
12900952,3.875490188598633,938.8631591796875
12901753,4.4317522048950195,1308.608642578125
12902553,5.105338096618652,-1684.8970947265625
12903352,5.605963706970215,-2051.138916015625
12904159,6.250333786010742,-3928.56103515625
12904952,0.6263697147369385,1276.9259033203125
12905753,1.1268796920776367,3523.65625
12906553,1.8315176963806152,-1419.00537109375
12907352,2.3291773796081543,877.0528564453125
12908153,3.00262451171875,1942.889404296875
12908952,3.537724256515503,-542.572021484375
12909753,4.148980140686035,1337.9697265625
12910552,4.833749771118164,326.8471984863281
12911353,5.334934234619141,-2392.85693359375
12912158,6.049360275268555,-3044.664306640625
12912952,0.3245062828063965,-1966.631103515625
12913753,0.904595136642456,3409.87353515625
12914552,1.5372743606567383,1368.511962890625
12915353,2.142857789993286,-1671.5440673828125
12916152,2.7781260013580322,2697.59521484375
12916952,3.3028085231781006,262.61553955078125
12917754,3.983656883239746,28.82171630859375
12918553,4.576389312744141,1680.226318359375
12919353,5.201620101928711,-2237.4736328125
12920157,5.812158584594727,-2980.32177734375
12920953,0.1155238151550293,-2527.75390625
12921753,0.790764331817627,2022.079345703125
12922552,1.3317070007324219,2981.05419921875
12923353,2.016930103302002,-1888.611572265625
12924151,2.5939009189605713,1712.8203125
12924953,3.18111515045166,1520.085205078125
12925753,3.8390114307403564,-809.4808349609375
12926552,4.398067951202393,2022.6497802734375
12927354,5.12626838684082,-1255.1224365234375
12928157,5.631377220153809,-3114.39404296875
12928953,0.022449970245361328,-2730.984375
12929752,0.7021212577819824,449.4646911621094
12930553,1.1874597072601318,3908.5224609375
12931353,1.9536805152893066,-1302.013427734375
12932151,2.4739677906036377,507.73077392578125
12932953,3.0920302867889404,2499.264404296875
12933752,3.73793888092041,-1080.8326416015625
12934553,4.3086442947387695,1714.5313720703125
12935353,5.050249099731445,-137.36668395996094
12936157,5.5200395584106445,-3080.83447265625
12936953,6.256922721862793,-2787.63037109375
12937752,0.6071803569793701,-875.1571655273438
12938553,1.1175761222839355,3935.106201171875
12939353,1.8836723566055298,13.662582397460938
12940152,2.3830783367156982,-848.1377563476562
12940953,3.0775070190429688,2966.3134765625
12941752,3.658268451690674,-580.0228271484375
12942553,4.2189812660217285,888.39501953125
12943353,5.007360935211182,972.816162109375
12944157,5.495932102203369,-2853.421875
12944953,6.2490620613098145,-2810.701171875
12945752,0.5924561023712158,-1924.7720947265625
12946554,1.0772180557250977,3285.963134765625
12947353,1.8376379013061523,1624.903076171875
12948152,2.3804352283477783,-1821.07470703125
12948953,3.0960755348205566,2770.89599609375
12949752,3.681527614593506,327.75360107421875
12950553,4.2535905838012695,-75.51409912109375
12951353,5.006613731384277,1621.7779541015625
12952158,5.502104759216309,-2902.937255859375
12952953,0.007074594497680664,-3230.259033203125
12953752,0.6531641483306885,-1341.8876953125
12954553,1.1318700313568115,2779.91943359375
12955354,1.9235925674438477,1926.2735595703125
12956151,2.4233102798461914,-1789.0504150390625
12956953,3.13327956199646,2589.81982421875
12957752,3.7974588871002197,596.5752563476562
12958555,4.3454084396362305,-416.84405517578125
12959353,5.121235370635986,1510.100341796875
12960157,5.644036293029785,-3652.60546875
12960953,0.03415536880493164,-3131.80859375
12961752,0.7502462863922119,83.66094207763672
12962553,1.255823016166687,2852.7099609375
12963353,2.0582237243652344,926.764892578125
12964152,2.595839023590088,-1280.284423828125
12964953,3.1862475872039795,3027.825439453125
12965752,3.9059271812438965,-239.01776123046875
12966553,4.499729156494141,302.4773254394531
12967353,5.247778415679932,1242.82763671875
12968157,5.8207855224609375,-3918.4208984375
12968953,0.14327049255371094,-2541.9130859375
12969753,0.8560652732849121,-540.2982788085938
12970552,1.4159895181655884,3393.9736328125
12971353,2.1687347888946533,667.3124389648438
12972152,2.8061792850494385,-1371.11669921875
12972953,3.3218960762023926,3355.079345703125
12973753,4.098968982696533,-674.71142578125
12974553,4.7122483253479,650.9757690429688
12975353,5.317169189453125,534.8026123046875
12976158,6.086911201477051,-4453.91259765625
12976952,0.3624703884124756,-2092.67919921875
12977754,1.0237812995910645,669.45947265625
12978552,1.686989665031433,3275.2783203125
12979353,2.231034755706787,-379.7033386230469
12980153,3.0609400272369385,-232.31146240234375
12980952,3.6426823139190674,2966.55615234375
12981753,4.268784046173096,-1100.9248046875
12982555,5.024470329284668,1281.709228515625
12983352,5.485933780670166,-661.555908203125
12984159,0.03678393363952637,-4598.90673828125
12984952,0.7356581687927246,-1245.8101806640625
12985753,1.2071495056152344,1492.35302734375
12986553,2.0393590927124023,2919.702392578125
12987352,2.5890073776245117,-1252.526123046875
12988153,3.20793080329895,1066.8968505859375
12988952,4.000341415405273,2313.721923828125
12989752,4.570076942443848,-1428.17724609375
12990553,5.307548522949219,1617.597412109375
12991355,5.9953460693359375,-2994.1171875
12992161,0.22473406791687012,-4090.540771484375
12992953,0.9745461940765381,1058.216064453125
12993752,1.6174750328063965,2296.48486328125
12994555,2.2618188858032227,1098.9747314453125
12995352,3.0097875595092773,-1059.5321044921875
12996154,3.570854902267456,2647.38232421875
12996956,4.2559380531311035,259.0923767089844
12997755,4.996524810791016,-288.616455078125
12998556,5.487231254577637,522.9714965820312
12999356,0.04865455627441406,-5135.6748046875
13000160,0.7272293567657471,-1362.565185546875
13000953,1.198019027709961,2179.385498046875
13001753,2.043771505355835,2062.30810546875
13002552,2.640841484069824,-431.51409912109375
13003353,3.279803514480591,458.9458312988281
13004152,4.066008567810059,2561.920166015625
13004952,4.629652500152588,-1284.1571044921875
13005756,5.319417953491211,1287.1536865234375
13006555,6.072322845458984,-2519.27783203125
13007354,0.3368198871612549,-4559.2138671875
13008160,1.0693652629852295,1355.814208984375
13008951,1.795668363571167,2186.37353515625
13009752,2.309861421585083,1159.173583984375
13010552,3.121689558029175,-935.8330078125
13011351,3.7891769409179688,2480.939697265625
13012152,4.406600475311279,408.9367980957031
13012952,5.1591105461120605,-481.893310546875
13013753,5.7103095054626465,715.772705078125
13014556,0.12064123153686523,-5176.0517578125
13015352,0.8741190433502197,-1302.933349609375
13016157,1.4030473232269287,2189.931640625
13016952,2.233588457107544,1981.76171875
13017751,2.906771659851074,-311.1168212890625
13018553,3.3898048400878906,395.7510986328125
13019352,4.204849720001221,2686.624267578125
13020151,4.88960075378418,-1450.2454833984375
13020952,5.403431415557861,801.7462768554688
13021752,6.238232612609863,-3121.469970703125
13022551,0.5593338012695312,-4142.2109375
13023353,1.103179693222046,2798.9560546875
13024157,1.9442323446273804,1838.63525390625
13024950,2.480102062225342,228.3932342529297
13025752,3.226329803466797,-14.3525390625
13026552,3.9833760261535645,2270.102783203125
13027351,4.476806163787842,-111.71076965332031
13028152,5.259303092956543,91.11126708984375
13028953,5.933903217315674,-551.3529052734375
13029752,0.20013928413391113,-5314.9921875
13030552,0.9581522941589355,39.50227355957031
13031351,1.5974482297897339,2535.46337890625
13032152,2.2226901054382324,1423.7227783203125
13032951,3.0411195755004883,-610.7327880859375
13033751,3.643172264099121,1328.1402587890625
13034552,4.317557334899902,1753.7576904296875
13035352,5.049160480499268,-1356.21728515625
13036157,5.499203681945801,785.6809692382812
13036952,0.06859183311462402,-4525.40185546875
13037751,0.7906572818756104,-2429.56982421875
13038552,1.2712820768356323,3319.224609375
13039353,2.1512041091918945,1184.2049560546875
13040150,2.7763161659240723,66.13623046875
13040952,3.3046481609344482,529.178466796875
13041752,4.167294979095459,2203.691650390625
13042552,4.767763614654541,-773.8980712890625
13043353,5.376446723937988,670.3018188476562
13044157,6.179876804351807,-2038.7874755859375
13044951,0.39963698387145996,-4789.0654296875
13045752,1.1020164489746094,1494.4298095703125
13046551,1.8757753372192383,2263.92333984375
13047351,2.3889317512512207,933.7314453125
13048152,3.193159580230713,-694.417724609375
13048951,3.906538724899292,2235.92041015625
13049752,4.394408702850342,644.3694458007812
13050552,5.219315528869629,-861.9700317382812
13051354,5.809161186218262,98.83685302734375
13052152,0.16535019874572754,-5448.1650390625
13052952,0.9132843017578125,-295.26177978515625
13053751,1.4938452243804932,3156.98583984375
13054552,2.232227325439453,768.5042724609375
13055351,2.970635175704956,-125.24150085449219
13056156,3.4974751472473145,1094.3314208984375
13056952,4.262241363525391,1743.3563232421875
13057751,4.944502353668213,-978.14111328125
13058551,5.403972625732422,991.319580078125
13059352,0.018949031829833984,-3669.6103515625
13060151,0.6915528774261475,-3542.69873046875
13060952,1.18373703956604,2339.07666015625
13061752,2.0458178520202637,1962.2662353515625
13062551,2.5850629806518555,445.81787109375
13063352,3.2639100551605225,-360.044921875
13064157,4.06467342376709,2666.244140625
13064951,4.612277030944824,-543.1297607421875
13065752,5.3224406242370605,-31.040679931640625
13066554,6.036941051483154,-1229.856201171875
13067352,0.2718994617462158,-5342.00048828125
13068152,1.0667190551757812,1603.3563232421875
13068951,1.7708150148391724,2492.166748046875
13069752,2.3160266876220703,460.4748229980469
13070552,3.130697011947632,-122.166748046875
13071351,3.7323477268218994,1774.063232421875
13072157,4.3694281578063965,926.4451904296875
13072952,5.140923500061035,-705.0540161132812
13073753,5.692907333374023,582.9705810546875
13074552,0.13645720481872559,-4855.04541015625
13075353,0.8515901565551758,-1745.190673828125
13076151,1.3614248037338257,2689.82666015625
13076952,2.2334561347961426,1660.456298828125
13077751,2.8953096866607666,-181.82760620117188
13078552,3.399332046508789,386.6258544921875
13079352,4.2201642990112305,2530.065673828125
13080156,4.841647624969482,-1242.2066650390625
13080952,5.387633323669434,681.960693359375
13081752,6.241055965423584,-3012.297607421875
13082551,0.5707364082336426,-4268.216796875
13083353,1.1453938484191895,2868.44677734375
13084152,1.9490687847137451,1794.89013671875
13084950,2.4501290321350098,295.4219970703125
13085752,3.252185106277466,23.8924560546875
13086551,3.9896554946899414,2150.30126953125
13087351,4.503727436065674,-11.521102905273438
13088158,5.282458305358887,-25.529541015625
13088953,5.910728454589844,-460.4879150390625
13089752,0.21211457252502441,-5269.0419921875
13090552,1.0010483264923096,-13.794967651367188
13091351,1.624402403831482,2562.08935546875
13092152,2.2865138053894043,1366.92041015625
13092952,3.038731813430786,-591.4644165039062
13093752,3.616691827774048,1393.1162109375
13094552,4.3449320793151855,1735.54541015625
13095352,5.052021503448486,-1401.1529541015625
13096159,5.516562461853027,816.2684326171875
13096952,0.08026528358459473,-4564.794921875
13097751,0.7561647891998291,-2376.38232421875
13098552,1.2750052213668823,3373.7880859375
13099352,2.15570068359375,1109.5198974609375
13100151,2.770991325378418,74.17221069335938
13100952,3.3187785148620605,484.2779541015625
13101752,4.102416038513184,2196.927978515625
13102551,4.723954200744629,-689.306640625
13103352,5.367682933807373,625.1058959960938
13104157,6.142495632171631,-2061.41162109375
13104951,0.4061765670776367,-4769.9140625
13105752,1.0882129669189453,1433.4842529296875
13106553,1.814072608947754,2319.98095703125
13107351,2.371965169906616,965.8865966796875
13108152,3.187124490737915,-771.7884521484375
13108951,3.889695405960083,2249.043701171875
13109752,4.408698558807373,601.921142578125
13110553,5.173349380493164,-848.9071044921875
13111351,5.761665344238281,189.862060546875
13112158,0.1661670207977295,-5509.5634765625
13112952,0.9136371612548828,-291.25
13113752,1.5275079011917114,3167.533447265625
13114552,2.2413854598999023,702.2807006835938
13115351,2.936490058898926,-45.09523010253906
13116151,3.5021920204162598,1109.39404296875
13116952,4.281243801116943,1683.809814453125
13117751,4.958460330963135,-947.6903076171875
13118554,5.433604717254639,949.707275390625
13119352,0.0018491744995117188,-3644.506103515625
13120157,0.6901051998138428,-3452.5244140625
13120952,1.222908854484558,2291.65869140625
13121752,2.0765435695648193,1956.9783935546875
13122551,2.632695198059082,439.24725341796875
13123352,3.2681429386138916,-403.1727600097656
13124152,4.030991077423096,2742.192626953125
13124952,4.618856430053711,-535.6017456054688
13125752,5.338865280151367,-80.68865966796875
13126551,6.0539960861206055,-1201.960205078125
13127352,0.29589152336120605,-5371.76171875
13128158,1.0217578411102295,1625.27001953125
13128951,1.7478225231170654,2568.39990234375
13129752,2.3320319652557373,399.0166015625
13130552,3.1244614124298096,-143.85304260253906
13131351,3.754586935043335,1764.45849609375
13132157,4.3393235206604,884.4131469726562
13132952,5.09092378616333,-621.1839599609375
13133751,5.6745195388793945,581.3975830078125
13134553,0.12615418434143066,-4905.451171875
13135352,0.8482391834259033,-1723.8079833984375
13136152,1.3813385963439941,2638.798828125
13136952,2.1847596168518066,1693.6636962890625
13137751,2.868332862854004,-123.80267333984375
13138552,3.4014930725097656,313.49285888671875
13139352,4.198126316070557,2532.217041015625
13140156,4.861962795257568,-1253.7222900390625
13140954,5.3669753074646,642.7448120117188
13141752,6.205637454986572,-2924.148193359375
13142551,0.5753688812255859,-4265.5029296875
13143352,1.1557883024215698,2829.9267578125
13144152,1.976801872253418,1809.9156494140625
13144950,2.4802873134613037,239.617431640625
13145752,3.204810857772827,61.44915771484375
13146551,3.9715940952301025,2207.580810546875
13147351,4.50435733795166,-72.55990600585938
13148158,5.2771406173706055,-8.135498046875
13148951,5.959288597106934,-468.43048095703125
13149752,0.20327401161193848,-5292.71484375
13150552,0.967674970626831,81.8653335571289
13151351,1.6413099765777588,2550.531005859375
13152152,2.292508602142334,1316.3453369140625
13152951,3.052860975265503,-582.4022827148438
13153751,3.6292853355407715,1335.5833740234375
13154552,4.274765968322754,1783.588623046875
13155352,5.029567718505859,-1339.8077392578125
13156157,5.518220901489258,748.7459716796875
13156952,0.07729101181030273,-4538.517578125
13157751,0.7912876605987549,-2394.3037109375
13158552,1.2538152933120728,3339.8984375
13159352,2.1267189979553223,1201.84912109375
13160150,2.7642924785614014,38.2191162109375
13160952,3.3158602714538574,437.2532958984375
13161752,4.103730201721191,2208.520751953125
13162551,4.718051910400391,-740.1243286132812
13163355,5.307080268859863,692.81689453125
13164157,6.122722625732422,-2011.8558349609375
13164951,0.4277496337890625,-4834.1298828125
13165752,1.0959434509277344,1458.70703125
13166551,1.8589341640472412,2282.922119140625
13167351,2.355449676513672,939.934814453125
13168152,3.1649627685546875,-682.154052734375
13168951,3.884056568145752,2204.1689453125
13169752,4.407293796539307,576.3505859375
13170552,5.196342468261719,-834.2552490234375
13171352,5.7780914306640625,143.70953369140625
13172158,0.13666844367980957,-5426.564453125
13172952,0.9341342449188232,-253.73104858398438
13173751,1.5476763248443604,3107.374755859375
13174552,2.268446445465088,715.3299560546875
13175351,2.978128671646118,-78.84147644042969
13176151,3.477940320968628,1106.4200439453125
13176952,4.249287128448486,1758.527587890625
13177751,4.962545394897461,-978.09228515625
13178551,5.436742305755615,934.5192260742188
13179352,0.023942947387695312,-3625.05712890625
13180157,0.7032516002655029,-3489.35693359375
13180953,1.1812437772750854,2357.599853515625
13181752,2.0743885040283203,1971.652587890625
13182551,2.6481733322143555,365.247802734375
13183352,3.271864652633667,-385.972412109375
13184152,4.057370185852051,2693.30126953125
13184951,4.58319616317749,-521.9519653320312
13185756,5.310365200042725,11.408233642578125
13186551,6.053658485412598,-1250.9498291015625
13187352,0.3106560707092285,-5384.6904296875
13188158,1.0542466640472412,1618.8173828125
13188951,1.7676194906234741,2522.23486328125
13189752,2.286299228668213,475.0227966308594
13190552,3.128988742828369,-134.90467834472656
13191351,3.7577199935913086,1704.3455810546875
13192152,4.343918323516846,912.0707397460938
13192952,5.11796236038208,-660.958740234375
13193751,5.647983551025391,598.0946044921875
13194552,0.12047672271728516,-4817.38623046875
13195352,0.8783342838287354,-1770.945556640625
13196157,1.3988760709762573,2625.58154296875
13196952,2.224564552307129,1681.8037109375
13197751,2.8735454082489014,-166.08499145507812
13198552,3.3575284481048584,392.132080078125
13199352,4.212613105773926,2529.596435546875
13200151,4.8658552169799805,-1302.708984375
13200952,5.383358478546143,685.2639770507812
13201752,6.247785568237305,-2959.94775390625
13202551,0.5546231269836426,-4243.17578125
13203352,1.1515620946884155,2905.270263671875
13204157,1.9800015687942505,1741.9677734375
13204952,2.4850282669067383,224.89022827148438
13205752,3.227468967437744,54.745513916015625
13206551,3.956822395324707,2167.318359375
13207351,4.451815128326416,20.031692504882812
13208156,5.275727272033691,-8.876373291015625
13208951,5.9453229904174805,-513.15966796875
13209752,0.21912479400634766,-5260.5185546875
13210552,0.987358808517456,12.514724731445312
13211351,1.5969226360321045,2577.8427734375
13212153,2.263660430908203,1384.881103515625
13212951,3.03828763961792,-655.8899536132812
13213751,3.611392021179199,1333.2379150390625
13214552,4.286224842071533,1765.4315185546875
13215352,5.004716873168945,-1361.239990234375
13216151,5.474557399749756,847.1395263671875
13216952,0.09076189994812012,-4560.62451171875
13217751,0.7972524166107178,-2433.16650390625
13218552,1.280135154724121,3361.01220703125
13219352,2.1461892127990723,1129.957275390625
13220156,2.726914405822754,81.23321533203125
13220952,3.306872606277466,495.6629333496094
13221752,4.123721599578857,2146.70849609375
13222551,4.7248430252075195,-721.9163208007812
13223352,5.345101833343506,679.5750732421875
13224152,6.135008811950684,-2020.02392578125
13224951,0.4130134582519531,-4743.15380859375
13225752,1.1441373825073242,1436.08544921875
13226551,1.8856428861618042,2246.066650390625
13227351,2.380965232849121,951.89306640625
13228157,3.1768977642059326,-729.6383056640625
13228951,3.846708297729492,2255.156982421875
13229752,4.401089191436768,626.70263671875
13230555,5.21159029006958,-891.2073974609375
13231351,5.801669597625732,163.28167724609375
13232157,0.17899823188781738,-5435.3642578125
13232953,0.9201512336730957,-269.18023681640625
13233751,1.528374195098877,3184.38818359375
13234552,2.275207042694092,672.5513305664062
13235351,2.9701499938964844,-126.59698486328125
13236151,3.4874606132507324,1124.1761474609375
13236952,4.253013610839844,1713.1961669921875
13237751,4.9175591468811035,-919.84765625
13238552,5.430957794189453,981.53759765625
13239352,0.03994393348693848,-3686.58984375
13240151,0.7209014892578125,-3484.871826171875
13240952,1.2149304151535034,2319.245361328125
13241752,2.048823356628418,1968.845703125
13242551,2.604241371154785,447.8057861328125
13243352,3.2780938148498535,-431.39349365234375
13244152,4.043459892272949,2677.49169921875
13244951,4.5977020263671875,-509.4219055175781
13245752,5.3171892166137695,-40.468170166015625
13246551,6.023678779602051,-1178.839599609375
13247352,0.31992411613464355,-5350.82421875
13248158,1.0873324871063232,1558.954345703125
13248951,1.789565920829773,2530.27734375
13249752,2.329087734222412,428.73773193359375
13250552,3.102479934692383,-132.37191772460938
13251351,3.7326624393463135,1791.8582763671875
13252152,4.3744916915893555,866.517822265625
13252952,5.1287150382995605,-671.09912109375
13253751,5.686563491821289,624.5723876953125
13254552,0.13750576972961426,-4865.1318359375
13255352,0.8521153926849365,-1705.30029296875
13256151,1.4126757383346558,2650.94482421875
13256952,2.2369093894958496,1616.16259765625
13257751,2.8797876834869385,-153.42962646484375
13258552,3.3776097297668457,357.9432373046875
13259352,4.160460472106934,2549.653564453125
13260154,4.838332176208496,-1218.36328125
13260952,5.390594959259033,626.6365966796875
13261752,6.236663818359375,-2962.101318359375
13262551,0.5839645862579346,-4238.5947265625
13263352,1.1428970098495483,2836.33203125
13264152,1.9352492094039917,1824.367431640625
13264950,2.4719018936157227,228.74215698242188
13265752,3.224121332168579,-16.4722900390625
13266551,3.955383777618408,2196.51416015625
13267351,4.470841884613037,-32.6180419921875
13268152,5.233953475952148,22.357818603515625
13268951,5.918676376342773,-432.73272705078125
13269752,0.23148036003112793,-5327.22119140625
13270552,0.9944071769714355,20.627914428710938
13271351,1.6369518041610718,2560.296630859375
13272152,2.2589030265808105,1333.3221435546875
13272951,3.01135516166687,-565.0232543945312
13273751,3.613558769226074,1332.363037109375
13274552,4.305222034454346,1722.7620849609375
13275352,5.030336856842041,-1337.01318359375
13276151,5.503840446472168,804.9033203125
13276952,0.05990123748779297,-4520.65576171875
13277751,0.8048884868621826,-2366.033935546875
13278552,1.3097859621047974,3305.837158203125
13279352,2.1625657081604004,1129.0653076171875
13280150,2.7723889350891113,65.60745239257812
13280952,3.301534652709961,468.2528076171875
13281752,4.0932536125183105,2230.0869140625
13282551,4.736687660217285,-731.813232421875
13283352,5.367163181304932,637.8836669921875
13284152,6.17393684387207,-1997.4185791015625
13284951,0.4425375461578369,-4779.6689453125
13285752,1.098600149154663,1474.106689453125
13286551,1.8748745918273926,2297.001953125
13287351,2.4023241996765137,883.4829711914062
13288152,3.1815366744995117,-730.0172729492188
13288951,3.894866943359375,2244.791015625
13289752,4.3861870765686035,602.027587890625
13290552,5.180342674255371,-799.7047119140625
13291351,5.79767370223999,152.9588623046875
13292152,0.1833491325378418,-5485.107421875
13292952,0.9367773532867432,-262.54156494140625
13293751,1.544875979423523,3133.81201171875
13294552,2.2244906425476074,724.5286865234375
13295351,2.9543347358703613,-78.58772277832031
13296151,3.5028514862060547,1055.5614013671875
13296952,4.252782344818115,1726.9422607421875
13297754,4.9522271156311035,-941.813232421875
13298551,5.417274475097656,959.2333984375
13299352,0.014850139617919922,-3600.4990234375
13300152,0.7309925556182861,-3502.77294921875
13300953,1.2258440256118774,2283.194580078125
13301752,2.0793609619140625,1973.5618896484375
13302551,2.6316161155700684,398.1348571777344
13303352,3.2377262115478516,-375.4288635253906
13304151,4.046638011932373,2724.5732421875
13304951,4.612115859985352,-574.9334716796875
13305752,5.328429222106934,-18.50640869140625
13306551,6.08273983001709,-1196.938720703125
13307352,0.30117344856262207,-5366.365234375
13308152,1.059743881225586,1654.928466796875
13308952,1.788130521774292,2495.117431640625
13309753,2.325650691986084,393.1749267578125
13310552,3.1157426834106445,-116.3878173828125
13311351,3.736132860183716,1737.049560546875
13312152,4.303306579589844,932.1844482421875
13312955,5.11340856552124,-632.5463256835938
13313751,5.689263343811035,553.2276611328125
13314553,0.13628315925598145,-4839.361328125
13315352,0.8764128684997559,-1743.229736328125
13316152,1.3753819465637207,2627.64990234375
13316952,2.1996910572052,1707.162841796875
13317751,2.8669817447662354,-199.43553161621094
13318552,3.3729019165039062,328.186279296875
13319352,4.1636247634887695,2561.07861328125
13320151,4.831225395202637,-1270.6396484375
13320952,5.342311859130859,709.9824829101562
13321752,6.2339982986450195,-2943.7724609375
13322551,0.5951735973358154,-4304.5244140625
13323352,1.1520758867263794,2874.082275390625
13324152,1.9648189544677734,1767.792236328125
13324950,2.4450430870056152,235.55560302734375
13325752,3.201860189437866,71.90249633789062
13326551,3.9476447105407715,2140.95458984375
13327351,4.471266269683838,-39.84465026855469
13328158,5.255633354187012,25.759674072265625
13328951,5.928591728210449,-466.86932373046875
13329752,0.19446539878845215,-5247.00146484375
13330552,1.0173413753509521,32.595703125
13331351,1.6502526998519897,2506.508056640625
13332157,2.281968832015991,1349.15283203125
13332951,3.0394670963287354,-606.751708984375
13333751,3.588459014892578,1350.6561279296875
13334552,4.287322998046875,1796.097412109375
13335354,5.033331394195557,-1385.7197265625
13336151,5.51180362701416,801.95263671875
13336952,0.09081482887268066,-4517.9697265625
13337751,0.8011558055877686,-2399.225830078125
13338553,1.2678028345108032,3383.0556640625
13339353,2.1644351482391357,1126.255126953125
13340150,2.772061347961426,11.19439697265625
13340952,3.3029210567474365,487.9071960449219
13341752,4.111266136169434,2182.71728515625
13342551,4.696555137634277,-702.7048950195312
13343352,5.337183952331543,710.00146484375
13344152,6.159742832183838,-2056.0537109375
13344951,0.43611788749694824,-4791.2001953125
13345752,1.1139202117919922,1458.1239013671875
13346551,1.8604778051376343,2266.318115234375
13347351,2.347219705581665,970.5872192382812
13348157,3.180377244949341,-743.2432861328125
13348951,3.8758485317230225,2192.86181640625
13349753,4.391872406005859,629.6860961914062
13350552,5.192113876342773,-852.8973388671875
13351351,5.76064395904541,181.74462890625
13352152,0.17096853256225586,-5419.453125
13352952,0.9508175849914551,-317.174560546875
13353751,1.5441049337387085,3136.09619140625
13354552,2.2613158226013184,706.2382202148438
13355351,2.9465866088867188,-105.18391418457031
13356156,3.457045793533325,1144.5186767578125
13356952,4.2682952880859375,1715.1768798828125
13357751,4.946717739105225,-984.8741455078125
13358552,5.428112030029297,991.707763671875
13359352,0.03363943099975586,-3645.027099609375
13360151,0.6878628730773926,-3467.8232421875
13360952,1.2122209072113037,2346.509765625
13361752,2.0720701217651367,1909.0660400390625
13362551,2.61690092086792,401.5509033203125
13363352,3.2547481060028076,-392.7607421875
13364157,4.009404182434082,2696.09033203125
13364953,4.563714027404785,-481.3691101074219
13365752,5.323177337646484,-44.329833984375
13366551,6.04899787902832,-1234.8050537109375
13367352,0.3063325881958008,-5341.56982421875
13368152,1.0589649677276611,1583.023681640625
13368951,1.7199184894561768,2544.339111328125
13369752,2.2960891723632812,446.74969482421875
13370552,3.1103811264038086,-190.1567840576172
13371351,3.719583511352539,1751.622314453125
13372157,4.314903259277344,904.2190551757812
13372952,5.080792427062988,-644.06298828125
13373751,5.644505977630615,650.2900390625
13374552,0.1364288330078125,-4884.0517578125
13375352,0.8640601634979248,-1768.18115234375
13376151,1.3965708017349243,2651.5654296875
13376952,2.205713987350464,1637.927734375
13377751,2.8283042907714844,-129.87603759765625
13378552,3.3720474243164062,368.86572265625
13379352,4.190881729125977,2487.49072265625
13380159,4.846190452575684,-1242.111083984375
13380952,5.379169940948486,680.7425537109375
13381752,6.225367546081543,-2944.83837890625
13382551,0.5813899040222168,-4215.2685546875
13383353,1.1900224685668945,2835.852294921875
13384152,1.9861962795257568,1750.126708984375
13384950,2.4837875366210938,246.86207580566406
13385752,3.2164039611816406,32.44903564453125
13386551,3.9284181594848633,2206.748046875
13387351,4.485594749450684,-9.41705322265625
13388158,5.285140037536621,-28.466033935546875
13388951,5.9634599685668945,-451.8787841796875
13389752,0.23427700996398926,-5270.8720703125
13390552,0.9807448387145996,40.43170166015625
13391351,1.6264694929122925,2585.396484375
13392152,2.2966108322143555,1300.4744873046875
13392951,3.0366125106811523,-628.1473388671875
13393752,3.6043975353240967,1354.976806640625
13394552,4.282233238220215,1747.7977294921875
13395353,4.998785972595215,-1307.69775390625
13396156,5.507787704467773,816.026611328125
13396952,0.09961652755737305,-4580.1640625
13397751,0.8049826622009277,-2389.27197265625
13398552,1.2923288345336914,3331.30712890625
13399353,2.123131036758423,1152.295166015625
13400151,2.7430765628814697,86.30557250976562
13400952,3.3147995471954346,426.1015930175781
13401752,4.102456569671631,2178.723388671875
13402554,4.718897342681885,-699.42724609375
13403352,5.3324294090271,663.7286376953125
13404157,6.119372367858887,-1985.0811767578125
13404951,0.443434476852417,-4776.65869140625
13405754,1.1307621002197266,1407.991455078125
13406551,1.8741580247879028,2278.00146484375
13407351,2.37455153465271,929.7548217773438
13408153,3.1466169357299805,-715.159912109375
13408952,3.8548474311828613,2265.822265625
13409752,4.411173343658447,568.920166015625
13410552,5.197361946105957,-855.0164184570312
13411351,5.8007097244262695,186.01202392578125
13412158,0.16174960136413574,-5460.6103515625
13412952,0.9107511043548584,-231.85064697265625
13413751,1.5488561391830444,3136.18798828125
13414552,2.267153024673462,648.7225341796875
13415351,2.962129592895508,-76.91889953613281
13416151,3.4794318675994873,1096.19580078125
13416952,4.213749885559082,1744.174072265625
13417751,4.933389663696289,-908.873291015625
13418553,5.437331199645996,921.4202880859375
13419353,0.027411937713623047,-3645.86962890625
13420157,0.7199318408966064,-3473.72119140625
13420952,1.200317621231079,2303.697998046875
13421752,2.038264274597168,2000.2308349609375
13422551,2.6163859367370605,393.36651611328125
13423352,3.256593704223633,-444.29833984375
13424152,4.017576694488525,2716.003173828125
13424951,4.582036972045898,-534.5616455078125
13425752,5.280338287353516,6.5013427734375
13426551,6.036958694458008,-1179.00634765625
13427352,0.3220958709716797,-5413.8955078125
13428158,1.0634493827819824,1606.834228515625
13428951,1.772807002067566,2519.1708984375
13429752,2.292949676513672,412.2153015136719
13430552,3.0941522121429443,-93.84557342529297
13431351,3.7340807914733887,1728.229736328125
13432157,4.3429155349731445,871.1167602539062
13432953,5.11309289932251,-623.1427001953125
13433752,5.677816390991211,599.958251953125
13434552,0.11065959930419922,-4829.31982421875
13435352,0.8876693248748779,-1719.26171875
13436151,1.4242820739746094,2592.6259765625
13436952,2.2308671474456787,1652.6839599609375
13437751,2.8811845779418945,-151.82931518554688
13438552,3.364567756652832,358.2037353515625
13439352,4.170480251312256,2576.37109375
13440159,4.859391212463379,-1271.8798828125
13440952,5.389870643615723,643.7391357421875
13441752,6.250128746032715,-2922.9482421875
13442551,0.5961236953735352,-4253.69970703125
13443352,1.1384634971618652,2887.57373046875
13444152,1.9733718633651733,1786.069580078125
13444950,2.4960780143737793,176.78369140625
13445753,3.222294807434082,40.430328369140625
13446551,3.9694974422454834,2179.7109375
13447351,4.461373805999756,-19.958160400390625
13448158,5.256791591644287,55.280059814453125
13448951,5.954202651977539,-488.01416015625
13449753,0.23875856399536133,-5306.2158203125
13450552,1.0022571086883545,41.81144714355469
13451351,1.640984058380127,2538.583740234375
13452152,2.2441463470458984,1371.100830078125
13452951,3.040358066558838,-597.2333984375
13453751,3.618753433227539,1295.4007568359375
13454552,4.293732166290283,1772.1424560546875
13455352,5.0327043533325195,-1348.51904296875
13456156,5.493926525115967,810.783447265625
13456952,0.0834951400756836,-4495.53662109375
13457751,0.8208932876586914,-2424.219482421875
13458552,1.3009858131408691,3314.71875
13459352,2.1582303047180176,1149.079345703125
13460150,2.759183883666992,42.973236083984375
13460953,3.280567169189453,504.8026123046875
13461752,4.124320983886719,2200.217041015625
13462554,4.737421035766602,-760.2544555664062
13463353,5.355644226074219,690.9221801757812
13464157,6.175470352172852,-2017.459716796875
13464951,0.4227333068847656,-4775.392578125
13465752,1.1190781593322754,1489.6649169921875
13466551,1.8865151405334473,2235.96240234375
13467351,2.386197805404663,907.935791015625
13468152,3.175215244293213,-711.621826171875
13468951,3.8681654930114746,2226.17431640625
13469752,4.362278461456299,651.1131591796875
13470552,5.206510066986084,-839.5223388671875
13471351,5.806265830993652,120.68450927734375
13472158,0.17944121360778809,-5430.84228515625
13472952,0.937380313873291,-285.18310546875
13473751,1.5140591859817505,3145.73193359375
13474552,2.236406087875366,733.7088623046875
13475351,2.9503519535064697,-141.8390655517578
13476151,3.4746248722076416,1087.3797607421875
13476952,4.2304205894470215,1738.839111328125
13477754,4.9234771728515625,-953.0756225585938
13478551,5.397150993347168,1012.55615234375
13479352,0.0312652587890625,-3649.699462890625
13480157,0.7242250442504883,-3531.09765625
13480952,1.211351990699768,2330.68994140625
13481752,2.0624759197235107,1938.575439453125
13482551,2.586592197418213,419.51129150390625
13483352,3.248821258544922,-367.8207092285156
13484152,4.035482883453369,2658.91357421875
13484951,4.590706825256348,-527.8482666015625
13485752,5.311973571777344,-6.976104736328125
13486551,6.04129695892334,-1211.7568359375
13487352,0.2951009273529053,-5324.09130859375
13488158,1.0943045616149902,1601.7469482421875
13488951,1.7918440103530884,2477.047607421875
13489752,2.3151962757110596,433.25592041015625
13490552,3.1110594272613525,-135.414794921875
13491351,3.6982908248901367,1765.4532470703125
13492152,4.3355278968811035,926.257080078125
13492953,5.123726844787598,-683.2774658203125
13493751,5.684727668762207,597.8341064453125
13494553,0.14687609672546387,-4833.57080078125
13495352,0.8768637180328369,-1733.05078125
13496157,1.3857277631759644,2671.891357421875
13496952,2.2360072135925293,1630.4273681640625
13497751,2.8744122982025146,-203.64035034179688
13498552,3.3780367374420166,375.93438720703125
13499352,4.194488048553467,2530.355712890625
13500151,4.823930263519287,-1224.0296630859375
13500952,5.381972312927246,701.5897216796875
13501752,6.253864288330078,-2992.25048828125
13502551,0.6018831729888916,-4255.81982421875
13503352,1.1674352884292603,2863.45166015625
13504157,1.9601140022277832,1769.925537109375
13504950,2.4554145336151123,267.8670654296875
13505752,3.235614061355591,20.292388916015625
13506551,3.959946393966675,2149.848388671875
13507351,4.480323791503906,-1.11181640625
13508152,5.273301124572754,-5.31353759765625
13508951,5.91980504989624,-441.856689453125
13509752,0.23940110206604004,-5253.755859375
13510553,1.0321338176727295,-19.683258056640625
13511351,1.6533493995666504,2548.993896484375
13512157,2.289562702178955,1346.4544677734375
13512951,3.0252790451049805,-609.362060546875
13513751,3.5922486782073975,1384.4139404296875
13514552,4.328385353088379,1736.535400390625
13515352,5.046441555023193,-1378.328857421875
13516151,5.523871421813965,839.27294921875
13516952,0.10328865051269531,-4546.48828125
13517751,0.7856643199920654,-2367.154296875
13518552,1.3068147897720337,3360.373779296875
13519352,2.1668200492858887,1082.970458984375
13520156,2.7694454193115234,57.761383056640625
13520952,3.3032119274139404,475.4133605957031
13521752,4.085513114929199,2198.439697265625
13522551,4.713637351989746,-669.7776489257812
13523352,5.35942268371582,642.8565673828125
13524152,6.155969619750977,-2040.31689453125
13524951,0.43831300735473633,-4765.4755859375
13525752,1.1132004261016846,1423.184814453125
13526551,1.8351116180419922,2306.772705078125
13527352,2.372743844985962,942.2498779296875
13528157,3.1744205951690674,-783.3094482421875
13528951,3.858168125152588,2243.67919921875
13529752,4.38474178314209,608.9890747070312
13530552,5.165469169616699,-836.4837646484375
13531351,5.770684242248535,207.39154052734375
13532157,0.1875767707824707,-5487.681640625
13532953,0.9394674301147461,-291.7440185546875
13533751,1.5425411462783813,3152.14453125
13534553,2.2420542240142822,676.6862182617188
13535351,2.925021171569824,-60.636444091796875
13536151,3.48123836517334,1100.04736328125
13536952,4.256002426147461,1686.034912109375
13537751,4.944225311279297,-925.510009765625
13538552,5.430425643920898,970.324462890625
13539352,0.009700536727905273,-3627.64990234375
13540157,0.7141656875610352,-3451.85009765625
13540952,1.2430520057678223,2282.037109375
13541752,2.0822482109069824,1933.657958984375
13542551,2.6278254985809326,420.4922790527344
13543352,3.2520437240600586,-408.40301513671875
13544152,4.011170387268066,2734.7265625
13544953,4.606296539306641,-521.1632080078125
13545752,5.340209007263184,-59.36279296875
13546551,6.07849645614624,-1187.220947265625
13547352,0.32547450065612793,-5361.6171875
13548158,1.0512900352478027,1624.92529296875
13548951,1.7700563669204712,2549.219970703125
13549752,2.3376383781433105,374.44146728515625
13550552,3.1169302463531494,-149.30908203125
13551351,3.7434022426605225,1762.5654296875
13552152,4.3281168937683105,896.5970458984375
13552952,5.090728282928467,-600.8225708007812
13553751,5.682025909423828,598.021240234375
13554553,0.1523914337158203,-4890.89453125
13555352,0.8781642913818359,-1727.812744140625
13556157,1.406119704246521,2623.19482421875
13556952,2.191307306289673,1674.3211669921875
13557751,2.861886978149414,-134.36306762695312
13558552,3.387885570526123,308.58935546875
13559352,4.18267822265625,2534.52490234375
13560154,4.856691360473633,-1240.9210205078125
13560952,5.37136173248291,658.5491333007812
13561752,6.230806827545166,-2906.22802734375
13562552,0.6050798892974854,-4263.4892578125
13563352,1.1822593212127686,2819.96240234375
13564157,1.986026406288147,1790.112548828125
13564950,2.4832515716552734,221.62594604492188
13565752,3.1971096992492676,54.1871337890625
13566551,3.960946559906006,2205.7724609375
13567351,4.499637126922607,-59.40319061279297
13568152,5.276927947998047,9.1859130859375
13568951,5.975535869598389,-449.47210693359375
13569753,0.2246243953704834,-5283.9931640625
13570553,0.9918112754821777,73.57449340820312
13571351,1.6572808027267456,2533.699951171875
13572158,2.2950680255889893,1300.439453125
13572951,3.043430805206299,-588.3423461914062
13573751,3.6051077842712402,1329.4866943359375
13574552,4.258510112762451,1789.5867919921875
13575352,5.028553009033203,-1323.9600830078125
13576151,5.523477077484131,762.7117309570312
13576953,0.09408998489379883,-4528.3759765625
13577751,0.8159971237182617,-2396.4453125
13578552,1.27370285987854,3327.586669921875
13579352,2.1343040466308594,1184.5848388671875
13580156,2.7643938064575195,25.586181640625
13580952,3.304283857345581,429.9668273925781
13581752,4.092594146728516,2213.6513671875
13582554,4.718305587768555,-725.4078979492188
13583352,5.313203811645508,709.1024169921875
13584152,6.144193649291992,-1999.8271484375
13584951,0.4539217948913574,-4833.22021484375
13585752,1.1183066368103027,1454.171875
13586551,1.8752570152282715,2265.40283203125
13587351,2.3558754920959473,929.309326171875
13588157,3.159618854522705,-685.6417236328125
13588951,3.8688411712646484,2199.44677734375
13589753,4.390764236450195,588.1663208007812
13590552,5.191738128662109,-821.2977905273438
13591351,5.788261413574219,155.84234619140625
13592152,0.153153657913208,-5418.486328125
13592952,0.9550566673278809,-256.84759521484375
13593751,1.5618715286254883,3094.26171875
13594552,2.272878646850586,697.3952026367188
13595352,2.973875045776367,-91.68672180175781
13596156,3.470975160598755,1099.2626953125
13596953,4.24484920501709,1765.0380859375
13597751,4.964677810668945,-964.724365234375
13598551,5.44699764251709,949.478515625
13599352,0.04160022735595703,-3615.88134765625
13600151,0.7294526100158691,-3486.62939453125
13600952,1.1990959644317627,2353.5361328125
13601752,2.0788276195526123,1953.19677734375
13602551,2.646254539489746,353.61785888671875
13603352,3.2622218132019043,-389.345703125
13604157,4.046464920043945,2697.870361328125
13604951,4.577701091766357,-510.7601318359375
13605752,5.3102827072143555,22.080657958984375
13606551,6.066563606262207,-1238.093017578125
13607352,0.3209493160247803,-5383.1650390625
13608152,1.0684177875518799,1613.460693359375
13608951,1.77528977394104,2509.236083984375
13609752,2.2877097129821777,460.04266357421875
13610552,3.121927499771118,-140.46241760253906
13611351,3.746938467025757,1700.1434326171875
13612157,4.338467597961426,919.3292846679688
13612952,5.1200151443481445,-648.1009521484375
13613751,5.654699802398682,607.9931640625
13614552,0.13480854034423828,-4811.54345703125
13615352,0.8988780975341797,-1774.663818359375
13616151,1.4150958061218262,2615.8564453125
13616952,2.226776599884033,1671.0496826171875
13617751,2.8702785968780518,-171.4844207763672
13618552,3.351283311843872,390.79534912109375
13619352,4.2002410888671875,2537.64208984375
13620156,4.859543323516846,-1294.11181640625
13620952,5.386112213134766,691.153564453125
13621752,6.2559356689453125,-2949.831787109375
13622553,0.5715110301971436,-4242.18701171875
13623352,1.1592296361923218,2899.5732421875
13624152,1.9791243076324463,1728.15869140625
13624950,2.480729103088379,211.1571044921875
13625753,3.218855142593384,52.629608154296875
13626551,3.9404213428497314,2166.52587890625
13627354,4.445751190185547,23.885459899902344
13628158,5.278999328613281,4.740570068359375
13628951,5.956343650817871,-503.05364990234375
13629752,0.2289736270904541,-5262.1943359375
13630552,1.00185227394104,10.622329711914062
13631351,1.6071836948394775,2566.275390625
13632157,2.262476682662964,1371.224609375
13632951,3.032878875732422,-653.907958984375
13633751,3.597264289855957,1332.6610107421875
13634552,4.278891563415527,1768.37646484375
13635352,5.002780914306641,-1347.9654541015625
13636151,5.4807658195495605,857.5697631835938
13636952,0.09789752960205078,-4558.2861328125
13637751,0.8081247806549072,-2432.44677734375
13638552,1.289629340171814,3357.515869140625
13639352,2.1474084854125977,1117.3250732421875
13640156,2.7219786643981934,73.39483642578125
13640952,3.2999281883239746,491.7216491699219
13641752,4.116152286529541,2146.5244140625
13642554,4.7269134521484375,-712.4996337890625
13643352,5.348491668701172,691.433837890625
13644152,6.153882026672363,-2016.8138427734375
13644951,0.4313187599182129,-4745.193359375
13645752,1.1575944423675537,1432.520751953125
13646551,1.8903452157974243,2235.431884765625
13647351,2.384711980819702,947.5283203125
13648157,3.1757986545562744,-729.1290283203125
13648951,3.8359007835388184,2254.477783203125
13649752,4.399232864379883,633.6447143554688
13650552,5.214590072631836,-881.7477416992188
13651351,5.808379650115967,169.52490234375
13652152,0.18726825714111328,-5433.2529296875
13652952,0.9282741546630859,-270.15911865234375
13653751,1.5297033786773682,3176.24658203125
13654553,2.27243709564209,663.6109008789062
13655352,2.9573824405670166,-128.38650512695312
13656156,3.477996587753296,1117.511962890625
13656952,4.241561412811279,1712.8021240234375
13657751,4.915258407592773,-906.2582397460938
13658551,5.430181503295898,988.2271118164062
13659352,0.039850711822509766,-3688.341796875
13660151,0.7276754379272461,-3484.31396484375
13660952,1.2182148694992065,2312.427734375
13661752,2.0424933433532715,1955.98291015625
13662551,2.6039140224456787,446.21575927734375
13663352,3.273285150527954,-433.46331787109375
13664157,4.035396575927734,2676.904296875
13664953,4.59218692779541,-500.2271728515625
13665752,5.311229705810547,-34.553741455078125
13666552,6.021954536437988,-1178.09716796875
13667352,0.3218240737915039,-5350.2021484375
13668152,1.087399959564209,1562.7777099609375
13668951,1.7804327011108398,2520.6142578125
13669753,2.3180012702941895,421.69512939453125
13670552,3.092095375061035,-126.04118347167969
13671351,3.716569185256958,1783.460693359375
13672152,4.360047340393066,866.9832763671875
13672952,5.124186038970947,-659.27734375
13673751,5.6796345710754395,625.591064453125
13674552,0.13340163230895996,-4864.15234375
13675352,0.852715253829956,-1704.87939453125
13676151,1.4163737297058105,2642.143310546875
13676952,2.2308123111724854,1606.3447265625
13677751,2.8756725788116455,-152.44244384765625
13678552,3.3760695457458496,358.228759765625
13679352,4.151913642883301,2548.5712890625
13680156,4.833598613739014,-1211.4666748046875
13680953,5.393592834472656,633.717041015625
13681752,6.245755195617676,-2963.73779296875
13682551,0.5972514152526855,-4236.60546875
13683352,1.1509369611740112,2841.6650390625
13684152,1.9379644393920898,1813.782958984375
13684950,2.469672203063965,227.84710693359375
13685752,3.2182979583740234,-11.623565673828125
13686552,3.942063093185425,2191.01806640625
13687351,4.46794319152832,-26.862937927246094
13688158,5.2342095375061035,31.17364501953125
13688951,5.9226861000061035,-426.9547119140625
13689752,0.2358989715576172,-5328.58740234375
13690552,0.9964749813079834,16.645355224609375
13691351,1.6377670764923096,2555.71630859375
13692152,2.2599127292633057,1323.0836181640625
13692951,3.0127904415130615,-564.79443359375
13693752,3.604182243347168,1332.821533203125
13694552,4.299522876739502,1723.41650390625
13695352,5.030590057373047,-1328.662841796875
13696157,5.511456489562988,808.80029296875
13696952,0.07082033157348633,-4518.60498046875
13697751,0.815746545791626,-2366.164794921875
13698552,1.3207298517227173,3300.17822265625
13699353,2.166600227355957,1125.2388916015625
13700150,2.7753231525421143,68.28140258789062
13700952,3.2951247692108154,464.8399658203125
13701752,4.086675643920898,2227.6396484375
13702554,4.739323616027832,-720.894287109375
13703352,5.363306999206543,645.0563354492188
13704157,6.1714606285095215,-1995.9300537109375
13704951,0.4458625316619873,-4781.1220703125
13705752,1.098017692565918,1469.6251220703125
13706551,1.8697651624679565,2290.72265625
13707351,2.3970143795013428,879.4198608398438
13708152,3.1743948459625244,-732.109375
13708951,3.8816967010498047,2239.46630859375
13709752,4.379568576812744,609.21923828125
13710552,5.183629512786865,-794.2568359375
13711352,5.802950859069824,146.5899658203125
13712152,0.18747830390930176,-5484.18212890625
13712952,0.9374973773956299,-257.8612060546875
13713751,1.543027639389038,3129.18115234375
13714552,2.2201762199401855,717.7330322265625
13715351,2.953389883041382,-76.76193237304688
13716151,3.497453451156616,1051.4222412109375
13716952,4.244851112365723,1729.79248046875
13717751,4.9538469314575195,-930.1541748046875
13718551,5.417750835418701,962.5235595703125
13719352,0.0225827693939209,-3601.920166015625
13720157,0.7342808246612549,-3505.31689453125
13720952,1.2315659523010254,2283.82568359375
13721752,2.079859733581543,1964.9708251953125
13722551,2.628176212310791,399.14691162109375
13723352,3.235236167907715,-370.30322265625
13724152,4.048313140869141,2717.00390625
13724953,4.615803241729736,-568.3157958984375
13725752,5.335886001586914,-13.329620361328125
13726551,6.095704078674316,-1195.9193115234375
13727353,0.3142235279083252,-5363.5068359375
13728152,1.0689291954040527,1651.03857421875
13728951,1.796169400215149,2491.070068359375
13729752,2.3300318717956543,388.890380859375
13730552,3.1180429458618164,-116.55635833740234
13731351,3.735710620880127,1741.117919921875
13732152,4.306437015533447,938.1758422851562
13732952,5.119682312011719,-627.3745727539062
13733751,5.694126129150391,558.041015625
13734552,0.14599275588989258,-4841.14111328125
13735352,0.8863224983215332,-1747.8671875
13736157,1.3808156251907349,2629.0458984375
13736952,2.2013232707977295,1703.111328125
13737751,2.8715126514434814,-199.91539001464844
13738552,3.3747174739837646,326.72265625
13739353,4.169030666351318,2558.270751953125
13740151,4.84044075012207,-1264.9189453125
13740952,5.352277755737305,712.3433837890625
13741752,6.246303081512451,-2942.224365234375
13742551,0.6075108051300049,-4304.9091796875
13743352,1.1623505353927612,2870.49658203125
13744157,1.9718122482299805,1761.357421875
13744950,2.451800584793091,235.49769592285156
13745753,3.2098538875579834,74.25650024414062
13746552,3.962949275970459,2139.404296875
13747354,4.48085355758667,-30.3521728515625
13748152,5.2658796310424805,30.457489013671875
13748951,5.94239616394043,-468.7779541015625
13749753,0.2099001407623291,-5247.51416015625
13750553,1.0270791053771973,30.876815795898438
13751351,1.6617050170898438,2504.98583984375
13752152,2.2887988090515137,1347.8726806640625
13752951,3.0458052158355713,-603.2689819335938
13753751,3.584035873413086,1350.0838623046875
13754552,4.292771339416504,1794.844482421875
13755352,5.047847747802734,-1384.85546875
13756151,5.527246952056885,803.1007080078125
13756952,0.10689282417297363,-4512.4970703125
13757751,0.8146235942840576,-2400.712158203125
13758552,1.2777323722839355,3376.65380859375
13759352,2.172523021697998,1123.6287841796875
13760156,2.783669948577881,7.8792724609375
13760952,3.309947967529297,484.7829895019531
13761752,4.123417854309082,2187.2763671875
13762551,4.709961891174316,-692.8190307617188
13763352,5.348842620849609,714.7464599609375
13764152,6.172935962677002,-2057.83251953125
13764951,0.45285463333129883,-4792.8466796875
13765752,1.1305725574493408,1454.494384765625
13766551,1.8752113580703735,2261.543701171875
13767351,2.3556413650512695,974.6984252929688
13768157,3.1879477500915527,-740.4546508789062
13768951,3.8788604736328125,2190.856201171875
13769752,4.397948265075684,633.3489990234375
13770552,5.206586837768555,-853.03857421875
13771351,5.777895927429199,179.136474609375
13772152,0.18180060386657715,-5414.7705078125
13772952,0.9673480987548828,-316.2265625
13773751,1.551361322402954,3127.19873046875
13774552,2.2743778228759766,704.4276733398438
13775351,2.9604504108428955,-103.19100952148438
13776151,3.4692678451538086,1137.5771484375
13776952,4.281422138214111,1718.34033203125
13777751,4.964389801025391,-975.5299072265625
13778551,5.447846412658691,992.7412719726562
13779352,0.05018329620361328,-3646.001953125
13780151,0.7037286758422852,-3466.80859375
13780952,1.227465271949768,2346.453369140625
13781752,2.084991455078125,1903.42138671875
13782551,2.6330795288085938,401.957275390625
13783352,3.2623112201690674,-389.2905578613281
13784151,4.018941879272461,2696.45849609375
13784953,4.571828842163086,-476.74676513671875
13785752,5.33241605758667,-41.434906005859375
13786551,6.068992614746094,-1238.1802978515625
13787352,0.3204951286315918,-5343.7265625
13788152,1.0710852146148682,1583.8369140625
13788952,1.7324429750442505,2543.059326171875
13789752,2.3073222637176514,444.261474609375
13790552,3.1163899898529053,-197.3561553955078
13791351,3.726466655731201,1750.2515869140625
13792152,4.329792022705078,908.5090942382812
13792952,5.0892744064331055,-641.0429077148438
13793751,5.650074005126953,656.260498046875
13794552,0.1527881622314453,-4886.73583984375
13795352,0.8818135261535645,-1770.396728515625
13796151,1.4069119691848755,2648.95703125
13796952,2.213013172149658,1633.8876953125
13797751,2.8334689140319824,-129.872314453125
13798552,3.3747596740722656,367.8885498046875
13799352,4.196830749511719,2494.703125
13800159,4.851181507110596,-1241.2672119140625
13800953,5.381062030792236,677.8475341796875
13801752,6.232897758483887,-2940.517578125
13802553,0.5898878574371338,-4213.73388671875
13803352,1.1998112201690674,2831.78125
13804152,1.9960914850234985,1742.971923828125
13804950,2.4820826053619385,245.6267852783203
13805753,3.2205920219421387,28.694732666015625
13806551,3.9347996711730957,2205.406494140625
13807351,4.4930644035339355,-2.7155075073242188
13808158,5.294255256652832,-28.541015625
13808951,5.97944974899292,-452.8414306640625
13809752,0.24848365783691406,-5269.72705078125
13810552,0.9960196018218994,39.087860107421875
13811351,1.641917109489441,2583.208740234375
13812152,2.306541919708252,1300.227783203125
13812951,3.0500388145446777,-627.18115234375
13813751,3.6019668579101562,1357.5693359375
13814552,4.288225173950195,1751.706787109375
13815352,5.006326675415039,-1308.588134765625
13816151,5.516791343688965,819.3065795898438
13816952,0.11407065391540527,-4575.05615234375
13817751,0.8187754154205322,-2389.7490234375
13818552,1.3005799055099487,3330.466796875
13819352,2.128441333770752,1148.487548828125
13820152,2.7483417987823486,84.99288940429688
13820952,3.3201582431793213,422.4086608886719
13821752,4.105483055114746,2175.79638671875
13822554,4.7297258377075195,-694.1182861328125
13823352,5.338409423828125,665.319091796875
13824152,6.132944107055664,-1982.8341064453125
13824951,0.44968748092651367,-4777.1826171875
13825752,1.1462918519973755,1401.787841796875
13826551,1.8858951330184937,2274.66162109375
13827351,2.3807220458984375,930.55322265625
13828152,3.152578115463257,-715.4825439453125
13828951,3.860628843307495,2264.125
13829752,4.419145584106445,574.8165283203125
13830552,5.208237648010254,-851.9488525390625
13831351,5.811870574951172,184.65325927734375
13832152,0.17289495468139648,-5460.6240234375
13832952,0.9186828136444092,-228.66287231445312
13833751,1.5503243207931519,3138.978515625
13834553,2.27359676361084,641.6265869140625
13835351,2.964505672454834,-78.91903686523438
13836151,3.481045722961426,1096.332763671875
13836953,4.213565826416016,1744.435791015625
13837751,4.938777923583984,-903.8416137695312
13838551,5.445407867431641,921.4763793945312
13839352,0.02994251251220703,-3644.5927734375
13840151,0.7290539741516113,-3476.728515625
13840952,1.2053686380386353,2295.4091796875
13841752,2.0414695739746094,1997.8328857421875
13842551,2.626349449157715,395.4344482421875
13843352,3.2572379112243652,-444.8597717285156
13844157,4.02203893661499,2716.38232421875
13844953,4.5857253074646,-529.7088623046875
13845752,5.282621383666992,6.392425537109375
13846551,6.044340133666992,-1181.267333984375
13847352,0.32967352867126465,-5414.18896484375
13848152,1.0636615753173828,1607.2664794921875
13848951,1.7742646932601929,2518.93359375
13849752,2.293646812438965,411.4683837890625
13850552,3.0958235263824463,-95.25889587402344
13851351,3.737077236175537,1725.4228515625
13852152,4.340255260467529,872.2114868164062
13852952,5.115638732910156,-619.7349853515625
13853751,5.671004772186279,598.972900390625
13854552,0.10730910301208496,-4829.50048828125
13855352,0.8860852718353271,-1718.650146484375
13856157,1.4287569522857666,2585.56298828125
13856952,2.2343578338623047,1653.96484375
13857751,2.8864011764526367,-148.78005981445312
13858551,3.3690860271453857,353.319091796875
13859352,4.175945281982422,2577.52978515625
13860154,4.868323802947998,-1271.1650390625
13860952,5.397324562072754,644.5343627929688
13861752,6.259073734283447,-2925.12548828125
13862551,0.606065034866333,-4251.11572265625
13863352,1.140104055404663,2894.10400390625
13864157,1.9770326614379883,1781.5887451171875
13864952,2.5009357929229736,178.213623046875
13865752,3.22418475151062,42.629791259765625
13866551,3.974738121032715,2178.61572265625
13867352,4.462632656097412,-13.667190551757812
13868152,5.259113311767578,56.016876220703125
13868951,5.958879470825195,-490.7056884765625
13869752,0.23970723152160645,-5304.3916015625
13870552,1.0058462619781494,36.24763488769531
13871351,1.6487802267074585,2534.960205078125
13872157,2.2488842010498047,1376.4276123046875
13872951,3.0447397232055664,-599.1822509765625
13873751,3.616025924682617,1292.01171875
13874552,4.296811580657959,1771.9188232421875
13875352,5.035620212554932,-1347.18896484375
13876151,5.499712944030762,813.0283203125
13876953,0.08888769149780273,-4496.501953125
13877751,0.8273327350616455,-2422.48193359375
13878552,1.3055006265640259,3315.907470703125
13879352,2.1570346355438232,1149.394775390625
13880150,2.767220973968506,41.53900146484375
13880952,3.283106565475464,500.2290344238281
13881752,4.122525215148926,2200.785888671875
13882554,4.739733695983887,-758.8145141601562
13883352,5.3547563552856445,695.254638671875
13884152,6.180357933044434,-2014.88427734375
13884951,0.4286208152770996,-4779.873046875
13885753,1.1163601875305176,1486.467041015625
13886552,1.8884526491165161,2232.97998046875
13887351,2.38494873046875,911.8602294921875
13888157,3.1709377765655518,-709.6317138671875
13888951,3.8647429943084717,2220.0166015625
13889752,4.36182975769043,648.6795043945312
13890553,5.206463813781738,-838.368896484375
13891352,5.810577392578125,123.82354736328125
13892152,0.18033432960510254,-5432.599609375
13892952,0.9409618377685547,-285.8028564453125
13893751,1.5106611251831055,3145.43359375
13894552,2.2383615970611572,732.479248046875
13895351,2.9567885398864746,-139.9380645751953
13896156,3.4788260459899902,1083.9013671875
13896952,4.230683326721191,1742.887939453125
13897751,4.930428504943848,-947.40234375
13898551,5.3996901512146,1012.62109375
13899352,0.03700447082519531,-3648.6435546875
13900153,0.7270026206970215,-3533.5
13900953,1.2149913311004639,2329.2578125
13901752,2.0632495880126953,1937.7840576171875
13902551,2.5916965007781982,423.1623229980469
13903353,3.252523899078369,-366.6540222167969
13904157,4.042926788330078,2653.4248046875
13904953,4.596492290496826,-526.3466796875
13905752,5.318984508514404,-4.729888916015625
13906551,6.056366920471191,-1212.9049072265625
13907352,0.3066585063934326,-5323.4208984375
13908152,1.1039726734161377,1601.17578125
13908951,1.7963401079177856,2476.407470703125
13909752,2.3262391090393066,435.2544860839844
13910552,3.1203277111053467,-137.3535614013672
13911351,3.7100887298583984,1764.305908203125
13912157,4.3444342613220215,932.1885986328125
13912952,5.132346153259277,-679.8969116210938
13913751,5.687802314758301,601.4515380859375
13914552,0.14872193336486816,-4832.89208984375
13915353,0.8771364688873291,-1737.8929443359375
13916152,1.3880690336227417,2670.1494140625
13916952,2.237680435180664,1631.399658203125
13917751,2.8814921379089355,-199.40585327148438
13918551,3.376058578491211,373.4202880859375
13919352,4.186813831329346,2528.0048828125
13920159,4.823975563049316,-1222.8162841796875
13920952,5.380990505218506,695.5433959960938
13921752,6.252963066101074,-2993.149169921875
13922551,0.6008427143096924,-4254.205078125
13923353,1.1668477058410645,2859.9140625
13924152,1.9555782079696655,1770.20751953125
13924950,2.4563496112823486,269.67340087890625
13925752,3.236481189727783,12.04718017578125
13926551,3.958400249481201,2143.680908203125
13927351,4.479564189910889,4.216560363769531
13928158,5.269144058227539,2.086029052734375
13928952,5.909898281097412,-444.21124267578125
13929753,0.23175311088562012,-5259.18359375
13930552,1.0280067920684814,-13.893264770507812
13931351,1.6464804410934448,2544.832275390625
13932152,2.282888174057007,1345.076171875
13932951,3.022066354751587,-601.6260375976562
13933751,3.587711811065674,1379.1236572265625
13934552,4.323432922363281,1735.01806640625
13935352,5.041711807250977,-1378.24560546875
13936156,5.523471832275391,836.68115234375
13936953,0.10290098190307617,-4547.07177734375
13937752,0.790116548538208,-2365.306396484375
13938552,1.310389518737793,3361.71630859375
13939352,2.168539047241211,1078.3431396484375
13940150,2.7762606143951416,60.54400634765625
13940952,3.308030843734741,476.41363525390625
13941752,4.089234828948975,2194.756591796875
13942554,4.717916488647461,-664.96337890625
13943352,5.365284442901611,645.3607788085938
13944157,6.1688923835754395,-2038.91796875
13944951,0.4447174072265625,-4762.26171875
13945752,1.1194713115692139,1420.8577880859375
13946551,1.8387596607208252,2303.24951171875
13947351,2.374746322631836,944.94677734375
13948152,3.17490553855896,-777.0572509765625
13948951,3.8572564125061035,2241.401611328125
13949752,4.383394718170166,606.9747924804688
13950552,5.168439865112305,-829.4656982421875
13951352,5.775066375732422,206.5003662109375
13952158,0.1853628158569336,-5491.43359375
13952952,0.9383244514465332,-289.3519287109375
13953751,1.5397127866744995,3148.85498046875
13954552,2.2387328147888184,672.414306640625
13955351,2.927067995071411,-59.879119873046875
13956151,3.4879343509674072,1099.331298828125
13956952,4.262928009033203,1686.627197265625
13957754,4.95000696182251,-922.59326171875
13958551,5.434365749359131,970.1285400390625
13959352,0.014495134353637695,-3630.19140625
13960157,0.7239470481872559,-3453.22509765625
13960953,1.2469086647033691,2280.55859375
13961752,2.087658405303955,1932.1978759765625
13962551,2.6341893672943115,426.51043701171875
13963352,3.2525837421417236,-401.8466796875
13964152,4.007885932922363,2732.080078125
13964951,4.609050273895264,-522.5308227539062
13965752,5.336652755737305,-57.90789794921875
13966551,6.080041408538818,-1187.90771484375
13967353,0.3271677494049072,-5359.11767578125
13968158,1.0506031513214111,1625.215576171875
13968951,1.763587236404419,2543.526611328125
13969752,2.336474657058716,373.9375915527344
13970552,3.1192281246185303,-149.44264221191406
13971351,3.745750904083252,1757.473388671875
13972152,4.330160617828369,897.0825805664062
13972952,5.098647594451904,-596.5603637695312
13973751,5.686333656311035,599.7979736328125
13974552,0.15897607803344727,-4892.33984375
13975352,0.8844733238220215,-1730.913818359375
13976157,1.4137910604476929,2623.3671875
13976952,2.1933469772338867,1676.7362060546875
13977751,2.860748767852783,-132.41500854492188
13978551,3.392634391784668,309.52142333984375
13979352,4.183882236480713,2533.176025390625
13980154,4.86002254486084,-1238.876953125
13980952,5.37044620513916,662.4356689453125
13981752,6.231346130371094,-2906.7548828125
13982551,0.6093447208404541,-4262.451171875
13983352,1.1780697107315063,2818.54833984375
13984157,1.9818851947784424,1784.8385009765625
13984950,2.4799928665161133,221.44688415527344
13985752,3.1955068111419678,52.22540283203125
13986551,3.958867311477661,2204.220947265625
13987354,4.5002360343933105,-56.312713623046875
13988152,5.280122756958008,8.87591552734375
13988952,5.976543426513672,-449.947509765625
13989752,0.22874951362609863,-5286.7607421875
13990553,0.9948887825012207,71.14115905761719
13991351,1.661202073097229,2532.16259765625
13992157,2.2938239574432373,1298.192626953125
13992951,3.0440497398376465,-580.80810546875
13993751,3.601236343383789,1331.5623779296875
13994552,4.2612690925598145,1786.8822021484375
13995352,5.031325817108154,-1320.097412109375
13996151,5.5278520584106445,762.8484497070312
13996952,0.09582686424255371,-4528.53955078125
13997751,0.8183352947235107,-2394.837158203125
13998552,1.2748132944107056,3326.6796875
13999352,2.135312557220459,1180.6199951171875
14000156,2.7675516605377197,26.73809814453125
14000952,3.305206060409546,430.6319274902344
14001752,4.0930986404418945,2210.8447265625
14002552,4.721774101257324,-719.1804809570312
14003352,5.315611839294434,710.5885009765625
14004152,6.154730796813965,-2003.6826171875
14004951,0.4589216709136963,-4834.1220703125
14005752,1.1213552951812744,1450.7080078125
14006551,1.8783752918243408,2263.744384765625
14007351,2.3580968379974365,930.9249267578125
14008157,3.160515069961548,-682.2649536132812
14008951,3.8716371059417725,2200.83154296875
14009752,4.397151947021484,586.3357543945312
14010552,5.19285774230957,-818.1904296875
14011351,5.795862674713135,159.173583984375
14012152,0.15135455131530762,-5420.982421875
14012952,0.9544491767883301,-255.3387908935547
14013751,1.5520631074905396,3091.3095703125
14014553,2.265578269958496,693.6403198242188
14015352,2.968937873840332,-87.24082946777344
14016156,3.4715757369995117,1098.4342041015625
14016953,4.241582870483398,1767.3194580078125
14017751,4.965273857116699,-965.8976440429688
14018551,5.446533203125,945.2003784179688
14019352,0.04089188575744629,-3612.587646484375
14020152,0.7292530536651611,-3490.728271484375
14020952,1.1990467309951782,2346.75341796875
14021752,2.079979419708252,1953.247314453125
14022551,2.649432897567749,359.43023681640625
14023352,3.2633724212646484,-387.88714599609375
14024157,4.048501968383789,2694.106689453125
14024951,4.579192638397217,-508.9776916503906
14025752,5.3105926513671875,25.768951416015625
14026552,6.071796417236328,-1241.1898193359375
14027352,0.3288900852203369,-5383.603515625
14028152,1.0704834461212158,1619.03466796875
14028951,1.7728538513183594,2504.915771484375
14029752,2.2888715267181396,459.2408142089844
14030552,3.123664617538452,-136.85797119140625
14031351,3.749716281890869,1697.9710693359375
14032152,4.337292671203613,920.2308349609375
14032952,5.121074199676514,-645.3306274414062
14033751,5.654158592224121,610.5017700195312
14034552,0.13698291778564453,-4814.90478515625
14035352,0.9038333892822266,-1778.12646484375
14036157,1.4203221797943115,2615.94384765625
14036952,2.2331528663635254,1669.8974609375
14037751,2.872192621231079,-169.1038055419922
14038552,3.3531112670898438,391.88623046875
14039352,4.211544036865234,2533.19140625
14040151,4.872354507446289,-1292.0838623046875
14040953,5.393573760986328,693.7872314453125
14041752,6.265779972076416,-2951.408203125
14042551,0.5786254405975342,-4234.77294921875
14043352,1.1696586608886719,2899.77587890625
14044157,1.9832817316055298,1724.724853515625
14044950,2.489368200302124,213.78988647460938
14045752,3.2243340015411377,49.59906005859375
14046551,3.9506168365478516,2169.983154296875
14047354,4.450408935546875,31.144180297851562
14048153,5.279995918273926,3.778594970703125
14048951,5.951410293579102,-506.0960693359375
14049752,0.233809232711792,-5261.3994140625
14050552,1.0101125240325928,7.1082763671875
14051352,1.610115885734558,2563.740966796875
14052152,2.2683472633361816,1375.035400390625
14052952,3.036315441131592,-655.8828125
14053752,3.597748041152954,1332.960693359375
14054552,4.283723831176758,1766.802734375
14055352,5.010792255401611,-1353.564697265625
14056158,5.486353874206543,858.1156005859375
14056952,0.10248064994812012,-4554.59326171875
14057751,0.8117225170135498,-2428.272216796875
14058552,1.2927075624465942,3354.9609375
14059352,2.146951913833618,1114.6937255859375
14060150,2.7272229194641113,75.12368774414062
14060952,3.3002145290374756,489.8600769042969
14061752,4.113155841827393,2146.18017578125
14062551,4.726471424102783,-708.5149536132812
14063353,5.34501838684082,690.91943359375
14064157,6.147702693939209,-2019.5380859375
14064951,0.431476354598999,-4743.6650390625
14065752,1.1562824249267578,1429.958251953125
14066551,1.8930261135101318,2232.28759765625
14067351,2.384396553039551,948.7476806640625
14068152,3.175617218017578,-729.61865234375
14068951,3.836751937866211,2251.520263671875
14069752,4.402326583862305,630.4008178710938
14070552,5.222135066986084,-879.3281860351562
14071351,5.819014549255371,169.5040283203125
14072158,0.19358205795288086,-5433.580078125
14072952,0.9360523223876953,-261.66436767578125
14073751,1.5347868204116821,3173.50244140625
14074552,2.280165433883667,657.5335083007812
14075351,2.9702272415161133,-123.91470336914062
14076151,3.4879002571105957,1118.012451171875
14076952,4.248480796813965,1717.20654296875
14077754,4.920788288116455,-900.8270263671875
14078552,5.435186386108398,985.572509765625
14079353,0.048966169357299805,-3687.134521484375
14080156,0.7312726974487305,-3483.3427734375
14080952,1.2248070240020752,2311.98046875
14081752,2.052145004272461,1958.450439453125
14082551,2.606515645980835,447.06890869140625
14083352,3.2715232372283936,-436.34954833984375
14084152,4.03523063659668,2672.489501953125
14084951,4.60010290145874,-500.722412109375
14085752,5.316647529602051,-34.05035400390625
14086551,6.030521869659424,-1176.373779296875
14087352,0.3325495719909668,-5348.58203125
14088158,1.0929791927337646,1561.363037109375
14088951,1.785307765007019,2520.9013671875
14089752,2.3238813877105713,418.8702087402344
14090552,3.0984296798706055,-132.40016174316406
14091351,3.7252449989318848,1784.97412109375
14092152,4.362112522125244,874.9390258789062
14092952,5.128946781158447,-658.814208984375
14093751,5.6822028160095215,624.15087890625
14094552,0.13755536079406738,-4862.7666015625
14095352,0.8547015190124512,-1707.232421875
14096157,1.4217617511749268,2639.117919921875
14096952,2.2348403930664062,1608.749755859375
14097751,2.8786232471466064,-146.27999877929688
14098552,3.375603199005127,352.65509033203125
14099353,4.1511149406433105,2546.54443359375
14100151,4.841605186462402,-1207.939208984375
14100952,5.395501136779785,628.3502197265625
14101752,6.252445220947266,-2958.625244140625
14102551,0.6022577285766602,-4236.23095703125
14103352,1.1510919332504272,2837.18994140625
14104157,1.9454376697540283,1815.995361328125
14104950,2.4788403511047363,224.09059143066406
14105752,3.222837448120117,-14.787353515625
14106551,3.949436664581299,2188.1875
14107351,4.472064018249512,-21.296279907226562
14108152,5.236331939697266,37.67578125
14108951,5.922433853149414,-430.197998046875
14109752,0.24345827102661133,-5327.29296875
14110552,1.0011630058288574,16.721527099609375
14111351,1.643959641456604,2552.48876953125
14112157,2.2580201625823975,1327.912109375
14112951,3.014132022857666,-561.0989379882812
14113751,3.60300612449646,1325.445068359375
14114552,4.3002190589904785,1722.2496337890625
14115352,5.032445907592773,-1327.08837890625
14116151,5.513511657714844,805.8515625
14116952,0.07181072235107422,-4516.3642578125
14117751,0.8161704540252686,-2366.554443359375
14118552,1.3203569650650024,3297.8662109375
14119352,2.1695992946624756,1124.016845703125
14120156,2.78088641166687,68.98223876953125
14120952,3.301138162612915,464.837646484375
14121752,4.093026161193848,2224.93359375
14122554,4.742059707641602,-719.3590698242188
14123352,5.367228031158447,647.8336181640625
14124152,6.182372093200684,-1996.4185791015625
14124951,0.45655202865600586,-4781.60546875
14125752,1.1002423763275146,1470.4002685546875
14126551,1.8783721923828125,2289.80517578125
14127352,2.4013009071350098,883.153076171875
14128157,3.17775559425354,-730.7868041992188
14128951,3.8802759647369385,2238.07373046875
14129752,4.383498191833496,611.3904418945312
14130552,5.1860198974609375,-796.6112060546875
14131351,5.808698654174805,149.000732421875
14132157,0.18953490257263184,-5480.45556640625
14132952,0.9446039199829102,-261.8489074707031
14133752,1.5451656579971313,3126.3642578125
14134552,2.2247049808502197,719.2556762695312
14135351,2.958249568939209,-79.55120849609375
14136151,3.507246494293213,1047.7464599609375
14136952,4.2483367919921875,1733.762451171875
14137752,4.957139015197754,-927.7785034179688
14138551,5.419376850128174,962.6557006835938
14139352,0.022302627563476562,-3603.156494140625
14140156,0.7371573448181152,-3506.390625
14140952,1.2312755584716797,2285.47412109375
14141752,2.0808653831481934,1965.29638671875
14142551,2.626187324523926,400.1322937011719
14143352,3.2332170009613037,-370.498046875
14144152,4.041378974914551,2716.679931640625
14144953,4.6134843826293945,-570.2283325195312
14145752,5.327892303466797,-16.885223388671875
14146551,6.085658073425293,-1196.61767578125
14147352,0.308180570602417,-5364.732421875
14148158,1.0654773712158203,1654.550048828125
14148951,1.7868586778640747,2489.766845703125
14149752,2.3258941173553467,383.0084533691406
14150552,3.1158640384674072,-114.77011108398438
14151351,3.7356796264648438,1736.1025390625
14152152,4.303183555603027,937.0183715820312
14152952,5.120345115661621,-623.6024780273438
14153751,5.693639755249023,555.7054443359375
14154552,0.13897109031677246,-4840.40966796875
14155352,0.8824751377105713,-1747.12158203125
14156158,1.3840594291687012,2630.07470703125
14156952,2.204057455062866,1700.222900390625
14157751,2.8722901344299316,-197.20213317871094
14158551,3.3750128746032715,332.3106689453125
14159352,4.168778419494629,2553.695068359375
14160152,4.839096546173096,-1261.4241943359375
14160952,5.349602222442627,713.04052734375
14161752,6.244807243347168,-2947.118408203125
14162551,0.6087863445281982,-4300.83544921875
14163352,1.1591259241104126,2874.9677734375
14164157,1.9697954654693604,1761.3720703125
14164950,2.4576196670532227,231.8043212890625
14165752,3.205387830734253,73.4869384765625
14166551,3.9646823406219482,2139.190185546875
14167354,4.486542701721191,-31.94788360595703
14168152,5.267422676086426,30.87103271484375
14168951,5.948616981506348,-467.6123046875
14169752,0.21593260765075684,-5248.251953125
14170552,1.0341644287109375,29.787338256835938
14171351,1.6684833765029907,2507.31396484375
14172157,2.2937960624694824,1348.6729736328125
14172951,3.05316424369812,-600.6112670898438
14173751,3.592008113861084,1351.5616455078125
14174552,4.294408798217773,1796.0057373046875
14175352,5.049637794494629,-1382.101806640625
14176151,5.526425838470459,799.540283203125
14176952,0.10466670989990234,-4511.056640625
14177751,0.8161313533782959,-2396.49755859375
14178552,1.2812689542770386,3375.044921875
14179352,2.167151927947998,1124.07666015625
14180156,2.7829244136810303,8.8150634765625
14180952,3.3073809146881104,480.6649475097656
14181752,4.119107723236084,2185.19140625
14182552,4.709155559539795,-693.010498046875
14183353,5.347206115722656,711.4956665039062
14184153,6.171219348907471,-2061.616455078125
14184953,0.4495849609375,-4792.8369140625
14185752,1.1238009929656982,1458.0535888671875
14186551,1.866600513458252,2257.554443359375
14187351,2.351562261581421,973.0000610351562
14188157,3.1855385303497314,-737.0772094726562
14188951,3.8724563121795654,2190.27978515625
14189752,4.395664691925049,632.863037109375
14190552,5.202230453491211,-853.43603515625
14191351,5.772910118103027,180.64031982421875
14192152,0.17748212814331055,-5418.16552734375
14192952,0.9598484039306641,-315.2032775878906
14193751,1.544329047203064,3131.0947265625
14194552,2.2640976905822754,699.8909301757812
14195351,2.950490713119507,-101.20570373535156
14196156,3.467913866043091,1138.070068359375
14196952,4.275838851928711,1716.89453125
14197752,4.961925029754639,-972.8017578125
14198552,5.446910858154297,989.2095947265625
14199352,0.047884225845336914,-3649.859619140625
14200151,0.7045769691467285,-3465.73876953125
14200952,1.2289729118347168,2345.2861328125
14201752,2.085340976715088,1899.910400390625
14202551,2.6323485374450684,407.225341796875
14203352,3.2640175819396973,-386.16082763671875
14204157,4.021746635437012,2694.8759765625
14204953,4.581010341644287,-473.365478515625
14205753,5.335178375244141,-44.0924072265625
14206552,6.067593097686768,-1237.6719970703125
14207352,0.32057833671569824,-5340.4443359375
14208152,1.071725845336914,1585.97998046875
14208952,1.7297195196151733,2543.44921875
14209752,2.305285930633545,441.337890625
14210552,3.1170811653137207,-190.24887084960938
14211351,3.729027271270752,1749.512451171875
14212152,4.330505847930908,909.2313232421875
14212952,5.0919084548950195,-638.33349609375
14213751,5.646661758422852,645.4625244140625
14214552,0.1491837501525879,-4884.92724609375
14215352,0.8761248588562012,-1767.4580078125
14216151,1.4076224565505981,2645.63232421875
14216952,2.211489200592041,1633.24755859375
14217751,2.8372726440429688,-126.49496459960938
14218551,3.374451160430908,370.70318603515625
14219352,4.196219444274902,2489.802734375
14220159,4.854650020599365,-1239.802978515625
14220952,5.38126277923584,677.4725341796875
14221752,6.232307434082031,-2946.484619140625
14222551,0.5921697616577148,-4212.447265625
14223352,1.1963804960250854,2836.3466796875
14224152,1.99124276638031,1743.9766845703125
14224952,2.486356019973755,247.6412353515625
14225753,3.2180657386779785,28.3006591796875
14226551,3.9280686378479004,2202.181884765625
14227351,4.492457389831543,-1.1203231811523438
14228158,5.291905403137207,-29.000244140625
14228951,5.969078063964844,-452.20587158203125
14229752,0.2442183494567871,-5270.1005859375
14230552,0.993682861328125,38.65589904785156
14231351,1.6390464305877686,2581.2509765625
14232152,2.306678056716919,1297.578125
14232951,3.0515716075897217,-623.53173828125
14233751,3.6073899269104004,1354.040283203125
14234552,4.291409015655518,1751.13427734375
14235352,5.011224269866943,-1304.8626708984375
14236151,5.523413181304932,816.3845825195312
14236952,0.11444544792175293,-4578.98486328125
14237752,0.8206806182861328,-2386.78759765625
14238553,1.3049111366271973,3334.50244140625
14239353,2.13301682472229,1146.879150390625
14240156,2.7560553550720215,90.45791625976562
14240952,3.322763681411743,423.8188781738281
14241752,4.106911659240723,2174.73583984375
14242554,4.7344970703125,-691.4768676757812
14243352,5.341390609741211,663.3214111328125
14244152,6.134889602661133,-1983.16748046875
14244951,0.4559650421142578,-4778.5380859375
14245752,1.143890380859375,1402.994873046875
14246552,1.8875761032104492,2276.256103515625
14247351,2.385282039642334,929.2157592773438
14248157,3.1529242992401123,-713.9495849609375
14248951,3.856435537338257,2262.94921875
14249752,4.41754150390625,571.2738037109375
14250552,5.208245277404785,-850.2391357421875
14251351,5.820103645324707,184.4661865234375
14252152,0.17836642265319824,-5463.02783203125
14252952,0.9226367473602295,-226.5314178466797
14253751,1.5519678592681885,3135.70556640625
14254552,2.272956132888794,644.013671875
14255351,2.9690585136413574,-74.50631713867188
14256151,3.4911365509033203,1089.345703125
14256953,4.216176509857178,1744.695556640625
14257751,4.942478179931641,-898.896728515625
14258551,5.445990562438965,921.7916870117188
14259352,0.03344535827636719,-3645.10400390625
14260151,0.731069803237915,-3475.798095703125
14260952,1.2085669040679932,2295.28515625
14261752,2.045027732849121,1996.981201171875
14262551,2.630232334136963,397.32708740234375
14263352,3.2593016624450684,-444.2454833984375
14264151,4.023015975952148,2713.25244140625
14264953,4.592837333679199,-532.451171875
14265752,5.285683631896973,7.587158203125
14266551,6.045818328857422,-1181.8426513671875
14267352,0.33426427841186523,-5412.7802734375
14268152,1.0672364234924316,1611.1220703125
14268951,1.7707698345184326,2514.584228515625
14269752,2.294133424758911,409.3740539550781
14270552,3.099729299545288,-90.87518310546875
14271351,3.7408082485198975,1724.38818359375
14272152,4.345885276794434,872.8915405273438
14272952,5.117920398712158,-616.7117309570312
14273751,5.6719818115234375,596.6541137695312
14274552,0.1099705696105957,-4830.810546875
14275352,0.8879272937774658,-1717.83203125
14276151,1.4319565296173096,2585.74169921875
14276952,2.2316582202911377,1652.14697265625
14277751,2.8882462978363037,-146.23922729492188
14278553,3.3693814277648926,353.816650390625
14279352,4.174798965454102,2573.60107421875
14280159,4.8689985275268555,-1268.969482421875
14280952,5.399538516998291,642.373779296875
14281752,6.259243488311768,-2926.64794921875
14282551,0.6097102165222168,-4249.8916015625
14283352,1.145492434501648,2892.752685546875
14284152,1.9819011688232422,1780.58349609375
14284950,2.5068283081054688,176.9102783203125
14285752,3.2272298336029053,44.41131591796875
14286551,3.973968505859375,2176.61962890625
14287351,4.46450138092041,-14.851921081542969
14288152,5.262834548950195,61.1434326171875
14288951,5.959672927856445,-489.59686279296875
14289752,0.24481749534606934,-5306.556640625
14290552,1.008375644683838,41.357086181640625
14291351,1.651572346687317,2535.923095703125
14292152,2.2478885650634766,1372.157958984375
14292951,3.045896530151367,-594.8370361328125
14293751,3.6190619468688965,1288.766845703125
14294552,4.296382427215576,1770.8768310546875
14295352,5.038477897644043,-1344.695556640625
14296151,5.502208709716797,808.239990234375
14296952,0.08926534652709961,-4493.1220703125
14297751,0.8318824768066406,-2421.123046875
14298552,1.3083844184875488,3312.5205078125
14299352,2.1666316986083984,1147.823486328125
14300151,2.772944688796997,42.944793701171875
14300952,3.2878715991973877,501.2961120605469
14301752,4.131916522979736,2199.89794921875
14302554,4.747677803039551,-756.1273803710938
14303353,5.358454704284668,693.9241943359375
14304152,6.182971000671387,-2015.1373291015625
14304951,0.4360795021057129,-4776.05908203125
14305752,1.1204431056976318,1488.9542236328125
14306551,1.8905645608901978,2231.5234375
14307351,2.3874804973602295,911.1984252929688
14308152,3.1732208728790283,-706.3719482421875
14308951,3.8622570037841797,2217.137451171875
14309752,4.362314224243164,651.2959594726562
14310553,5.20665168762207,-839.1138305664062
14311351,5.810184478759766,116.148681640625
14312158,0.1787583827972412,-5426.7958984375
14312953,0.9418342113494873,-284.8502197265625
14313751,1.5144479274749756,3143.39404296875
14314552,2.236250162124634,732.7628784179688
14315351,2.9555888175964355,-143.62376403808594
14316151,3.4831807613372803,1083.4610595703125
14316952,4.231757640838623,1739.739501953125
14317754,4.930309295654297,-946.5511474609375
14318551,5.398711204528809,1012.8828735351562
14319352,0.03762316703796387,-3652.2705078125
14320151,0.7327322959899902,-3528.847900390625
14320952,1.2180266380310059,2331.70263671875
14321752,2.064857006072998,1935.5108642578125
14322551,2.5964162349700928,423.8865661621094
14323352,3.247983694076538,-366.2503967285156
14324152,4.037442207336426,2651.499267578125
14324951,4.5953755378723145,-527.3290405273438
14325752,5.315455913543701,-5.301055908203125
14326551,6.055448532104492,-1211.42431640625
14327352,0.307110071182251,-5320.474609375
14328158,1.1070091724395752,1602.480224609375
14328951,1.793726921081543,2473.76708984375
14329752,2.327755928039551,431.2275390625
14330552,3.121715784072876,-136.46026611328125
14331351,3.713984489440918,1759.8148193359375
14332152,4.346439361572266,931.4271240234375
14332952,5.1363959312438965,-673.945556640625
14333752,5.69075870513916,599.2101440429688
14334552,0.1547553539276123,-4832.53564453125
14335352,0.8834617137908936,-1736.886474609375
14336151,1.3982657194137573,2671.1943359375
14336954,2.244856119155884,1633.198974609375
14337751,2.8869376182556152,-198.46533203125
14338551,3.383445978164673,377.7125244140625
14339352,4.1890339851379395,2527.025390625
14340159,4.828454971313477,-1222.742919921875
14340952,5.384117126464844,696.8328857421875
14341752,6.258910655975342,-2993.949951171875
14342551,0.609367847442627,-4252.5986328125
14343352,1.1689497232437134,2860.07080078125
14344152,1.962768316268921,1771.630126953125
14344950,2.459819793701172,270.3961181640625
14345752,3.2352135181427,8.434783935546875
14346551,3.9600863456726074,2142.109619140625
14347351,4.4862895011901855,4.538658142089844
14348158,5.272465705871582,0.658782958984375
14348951,5.921744346618652,-441.54364013671875
14349752,0.24147558212280273,-5257.33154296875
14350552,1.0327587127685547,-16.783233642578125
14351351,1.6558570861816406,2543.5087890625
14352152,2.289469003677368,1344.42724609375
14352951,3.0289418697357178,-601.5860595703125
14353751,3.593186378479004,1378.96630859375
14354552,4.323897361755371,1738.4879150390625
14355352,5.045300006866455,-1376.1126708984375
14356157,5.526749610900879,833.4134521484375
14356952,0.10048222541809082,-4544.26611328125
14357751,0.7915725708007812,-2363.75244140625
14358553,1.3119831085205078,3358.00244140625
14359352,2.167778968811035,1078.76513671875
14360150,2.7770633697509766,62.258392333984375
14360952,3.311110258102417,474.1565856933594
14361752,4.090549945831299,2190.39111328125
14362552,4.719986915588379,-665.4758911132812
14363352,5.362227439880371,645.89501953125
14364157,6.164780616760254,-2042.3082275390625
14364951,0.4486548900604248,-4761.701171875
14365752,1.121169090270996,1424.922607421875
14366551,1.8394098281860352,2301.285400390625
14367351,2.377042055130005,943.6306762695312
14368152,3.178781747817993,-774.5889892578125
14368951,3.8611667156219482,2240.130859375
14369752,4.390418529510498,605.669677734375
14370552,5.169589042663574,-829.4778442382812
14371351,5.77915096282959,205.78485107421875
14372158,0.18476176261901855,-5487.72802734375
14372952,0.9380207061767578,-286.20318603515625
14373751,1.5386463403701782,3145.931884765625
14374552,2.234114170074463,672.335205078125
14375352,2.9267160892486572,-55.80293273925781
14376151,3.48982834815979,1098.9151611328125
14376952,4.259678840637207,1684.0262451171875
14377754,4.950295448303223,-923.1461181640625
14378551,5.432358741760254,967.72705078125
14379353,0.014883279800415039,-3631.287109375
14380157,0.7255120277404785,-3452.977294921875
14380952,1.2452150583267212,2278.72265625
14381752,2.0854380130767822,1932.659912109375
14382551,2.6408867835998535,427.72564697265625
14383352,3.254518747329712,-403.08392333984375
14384152,4.008966445922852,2731.557373046875
14384951,4.615390777587891,-521.9927368164062
14385752,5.339826583862305,-58.77288818359375
14386551,6.082851886749268,-1187.179931640625
14387352,0.33028531074523926,-5357.39111328125
14388158,1.050673484802246,1626.13037109375
14388951,1.7639483213424683,2542.3994140625
14389752,2.3379650115966797,374.661865234375
14390553,3.118931531906128,-144.24960327148438
14391351,3.7463490962982178,1755.34912109375
14392152,4.328028678894043,895.2611083984375
14392952,5.098001480102539,-593.10400390625
14393751,5.687201499938965,596.5804443359375
14394553,0.15452861785888672,-4895.89892578125
14395352,0.8845558166503906,-1728.587158203125
14396157,1.4149792194366455,2622.367431640625
14396952,2.1930770874023438,1673.3970947265625
14397751,2.8648123741149902,-129.32623291015625
14398551,3.3973562717437744,310.6812744140625
14399352,4.1875319480896,2531.66162109375
14400154,4.863464832305908,-1238.5400390625
14400952,5.3755645751953125,662.5800170898438
14401752,6.236032485961914,-2907.764404296875
14402551,0.61407470703125,-4263.6787109375
14403352,1.1767966747283936,2822.301025390625
14404157,1.9859142303466797,1785.9522705078125
14404950,2.486957550048828,222.57232666015625
14405752,3.1951961517333984,56.740936279296875
14406551,3.958475112915039,2201.421875
14407351,4.5008955001831055,-58.15116882324219
14408152,5.2821245193481445,11.439208984375
14408951,5.975417137145996,-452.06817626953125
14409752,0.22614645957946777,-5289.126953125
14410553,0.9956278800964355,70.00450134277344
14411351,1.6595406532287598,2531.44287109375
14412157,2.29403018951416,1302.7001953125
14412951,3.0506057739257812,-581.2090454101562
14413751,3.610680341720581,1327.1414794921875
14414552,4.262398719787598,1787.42724609375
14415352,5.035224437713623,-1321.24560546875
14416151,5.533623695373535,762.1162109375
14416952,0.09919238090515137,-4527.69384765625
14417751,0.8236603736877441,-2394.5244140625
14418552,1.2800827026367188,3328.53857421875
14419352,2.1386399269104004,1181.44189453125
14420156,2.7727057933807373,28.617706298828125
14420952,3.307857036590576,433.791748046875
14421752,4.099483489990234,2207.3779296875
14422554,4.725498676300049,-720.7025146484375
14423352,5.3145623207092285,715.0093994140625
14424152,6.150518894195557,-2005.4990234375
14424951,0.46205878257751465,-4834.451171875
14425752,1.1194164752960205,1452.462890625
14426551,1.8783345222473145,2261.035400390625
14427351,2.359866142272949,931.3861083984375
14428157,3.1633667945861816,-680.3863525390625
14428951,3.873481035232544,2198.749755859375
14429752,4.398966312408447,584.5457763671875
14430552,5.198574066162109,-819.9437255859375
14431351,5.804280757904053,155.96307373046875
14432157,0.15439987182617188,-5417.890625
14432952,0.9608144760131836,-254.87710571289062
14433752,1.5582035779953003,3090.60986328125
14434552,2.2704029083251953,698.3079223632812
14435351,2.976815938949585,-88.07571411132812
14436151,3.4788403511047363,1099.373291015625
14436952,4.24363899230957,1768.4681396484375
14437751,4.964036464691162,-963.2388916015625
14438551,5.450255393981934,947.65869140625
14439352,0.03871035575866699,-3619.14208984375
14440156,0.7283139228820801,-3489.9453125
14440952,1.200819730758667,2350.308837890625
14441752,2.079418182373047,1951.2156982421875
14442551,2.655400276184082,358.6573486328125
14443352,3.2599456310272217,-386.53399658203125
14444152,4.046452045440674,2694.77294921875
14444951,4.584131240844727,-514.4132690429688
14445753,5.311812400817871,21.3172607421875
14446552,6.072375297546387,-1240.1259765625
14447352,0.3298001289367676,-5384.181640625
14448158,1.0715126991271973,1618.4619140625
14448951,1.770477533340454,2508.004638671875
14449752,2.2842416763305664,458.98504638671875
14450552,3.1223645210266113,-139.29074096679688
14451351,3.7517800331115723,1699.596923828125
14452152,4.338458061218262,922.2332763671875
14452952,5.1225080490112305,-642.3955078125
14453751,5.656522750854492,608.892333984375
14454552,0.1339118480682373,-4818.1943359375
14455352,0.8960986137390137,-1774.694091796875
14456157,1.414467215538025,2611.69287109375
14456952,2.223832845687866,1667.2491455078125
14457751,2.869123697280884,-165.08453369140625
14458551,3.3553383350372314,391.32666015625
14459352,4.209238529205322,2535.876953125
14460151,4.87017297744751,-1294.2982177734375
14460952,5.390589714050293,691.297119140625
14461752,6.2628960609436035,-2951.868408203125
14462551,0.5828649997711182,-4240.03515625
14463352,1.1702566146850586,2898.51953125
14464157,1.9861162900924683,1724.774169921875
14464950,2.491468906402588,219.59771728515625
14465752,3.224583148956299,54.021270751953125
14466551,3.954252004623413,2166.78662109375
14467354,4.455100059509277,30.799880981445312
14468152,5.286042213439941,3.18865966796875
14468952,5.963101387023926,-507.063232421875
14469752,0.23848509788513184,-5256.9091796875
14470552,1.0087780952453613,11.529129028320312
14471352,1.61278235912323,2560.843505859375
14472157,2.2671403884887695,1375.29443359375
14472951,3.0383479595184326,-653.2734375
14473751,3.599018096923828,1333.107666015625
14474552,4.2808518409729,1767.3563232421875
14475352,5.013786315917969,-1352.8092041015625
14476151,5.492382526397705,860.9901123046875
14476952,0.10584497451782227,-4559.4072265625
14477751,0.8126561641693115,-2431.632568359375
14478552,1.2983918190002441,3354.58544921875
14479352,2.1500158309936523,1111.5216064453125
14480156,2.7360503673553467,80.2396240234375
14480952,3.3041045665740967,491.24407958984375
14481752,4.122292518615723,2144.133544921875
14482554,4.730152606964111,-706.9479370117188
14483352,5.346986770629883,691.6497802734375
14484152,6.1513261795043945,-2021.8453369140625
14484951,0.4356875419616699,-4744.9443359375
14485752,1.1567269563674927,1432.022705078125
14486551,1.8924248218536377,2233.249267578125
14487351,2.3849635124206543,951.7215576171875
14488157,3.174616575241089,-729.3978271484375
14488951,3.841667652130127,2251.494140625
14489752,4.40385103225708,627.2098999023438
14490553,5.223501205444336,-881.36669921875
14491351,5.819988250732422,175.42254638671875
14492152,0.1919405460357666,-5436.47021484375
14492952,0.9372191429138184,-265.70416259765625
14493751,1.5356723070144653,3175.150390625
14494554,2.280156135559082,658.1631469726562
14495351,2.9740705490112305,-126.1846923828125
14496156,3.4916446208953857,1119.1741943359375
14496953,4.255878448486328,1717.5155029296875
14497751,4.927018642425537,-903.6224365234375
14498551,5.4398040771484375,988.8707275390625
14499352,0.04867124557495117,-3690.35791015625
14500151,0.7379655838012695,-3482.080810546875
14500952,1.2286235094070435,2315.416015625
14501752,2.0536351203918457,1955.3299560546875
14502551,2.616978645324707,451.2666015625
14503352,3.276209831237793,-433.46044921875
14504157,4.038322448730469,2673.600341796875
14504951,4.605259895324707,-502.64599609375
14505752,5.317948341369629,-37.377166748046875
14506551,6.033574104309082,-1178.111572265625
14507353,0.33374524116516113,-5346.6318359375
14508152,1.0967273712158203,1564.97119140625
14508951,1.7863571643829346,2518.877685546875
14509752,2.3244729042053223,417.50360107421875
14510552,3.0975687503814697,-133.2721405029297
14511352,3.7297022342681885,1786.95361328125
14512157,4.363147735595703,871.0069580078125
14512952,5.132209777832031,-660.1829833984375
14513751,5.6866350173950195,627.4884033203125
14514552,0.13965845108032227,-4866.4150390625
14515352,0.8598484992980957,-1702.953125
14516151,1.4287220239639282,2639.3916015625
14516952,2.233529806137085,1604.743408203125
14517751,2.8818938732147217,-146.96188354492188
14518551,3.3817386627197266,355.2568359375
14519352,4.157684326171875,2549.267333984375
14520156,4.844965934753418,-1211.52783203125
14520952,5.3949995040893555,630.6737060546875
14521752,6.2497639656066895,-2959.09130859375
14522551,0.6064615249633789,-4235.44775390625
14523352,1.1509336233139038,2839.865966796875
14524152,1.9422581195831299,1812.6749267578125
14524950,2.4831628799438477,222.5850830078125
14525753,3.2253780364990234,-13.185882568359375
14526551,3.9541969299316406,2194.1826171875
14527354,4.47344970703125,-25.4927978515625
14528158,5.241062164306641,30.93701171875
14528951,5.927901268005371,-428.71246337890625
14529753,0.246962308883667,-5327.396484375
14530552,1.0059781074523926,18.182266235351562
14531351,1.655221700668335,2553.962646484375
14532157,2.2610247135162354,1326.962158203125
14532952,3.013563632965088,-560.2144775390625
14533751,3.6083824634552,1328.0291748046875
14534552,4.300056457519531,1721.21826171875
14535353,5.037552833557129,-1327.68701171875
14536151,5.511582374572754,807.5689086914062
14536952,0.06912422180175781,-4515.52392578125
14537751,0.8118970394134521,-2365.63623046875
14538552,1.3207039833068848,3299.28955078125
14539352,2.1654608249664307,1122.0738525390625
14540156,2.7801930904388428,62.244537353515625
14540952,3.2990615367889404,464.2752380371094
14541752,4.09113883972168,2228.6162109375
14542554,4.746975421905518,-719.4183349609375
14543352,5.365262985229492,645.0135498046875
14544152,6.177238464355469,-1998.2022705078125
14544951,0.45685315132141113,-4783.53125
14545752,1.1012656688690186,1469.43994140625
14546551,1.8807646036148071,2290.5048828125
14547351,2.406153678894043,882.6861572265625
14548157,3.182539224624634,-724.86328125
14548951,3.8868935108184814,2237.983154296875
14549752,4.388678550720215,608.9083251953125
14550552,5.186520576477051,-793.075927734375
14551351,5.816048622131348,144.47216796875
14552152,0.19075560569763184,-5480.3447265625
14552953,0.9474151134490967,-255.71522521972656
14553751,1.5489070415496826,3128.32275390625
14554552,2.2221031188964844,718.7244262695312
14555351,2.9594039916992188,-78.63180541992188
14556156,3.507573366165161,1047.73291015625
14556952,4.248885154724121,1730.394287109375
14557752,4.958922386169434,-928.3578491210938
14558552,5.419913291931152,962.7570190429688
14559352,0.0253756046295166,-3600.78076171875
14560151,0.7459468841552734,-3506.45947265625
14560952,1.2348520755767822,2281.806884765625
14561752,2.0830423831939697,1963.40380859375
14562551,2.6401970386505127,399.64154052734375
14563352,3.2375881671905518,-367.031005859375
14564157,4.049682140350342,2715.95849609375
14564953,4.6184587478637695,-571.6383666992188
14565752,5.330354690551758,-13.14764404296875
14566551,6.095787048339844,-1195.02587890625
14567352,0.3139495849609375,-5363.36962890625
14568152,1.0678138732910156,1654.445068359375
14568951,1.7876800298690796,2488.651611328125
14569752,2.3255715370178223,386.0155029296875
14570552,3.1175973415374756,-113.68603515625
14571351,3.735276699066162,1735.281005859375
14572157,4.3023529052734375,936.830322265625
14572952,5.121583938598633,-627.2435302734375
14573751,5.691658973693848,555.30859375
14574552,0.13798284530639648,-4837.84326171875
14575352,0.8835961818695068,-1750.026611328125
14576151,1.3847620487213135,2627.39111328125
14576952,2.200986862182617,1700.8294677734375
14577751,2.8720297813415527,-198.6024932861328
14578551,3.3778297901153564,331.89190673828125
14579352,4.1667656898498535,2552.63916015625
14580156,4.844004154205322,-1263.1138916015625
14580953,5.351208686828613,715.6759643554688
14581752,6.242417335510254,-2949.27392578125
14582551,0.6088898181915283,-4300.1484375
14583354,1.1617028713226318,2877.065185546875
14584152,1.9720027446746826,1757.8919677734375
14584950,2.457916736602783,236.60809326171875
14585752,3.207202196121216,73.41781616210938
14586552,3.961416721343994,2135.747802734375
14587354,4.484019756317139,-28.25922393798828
14588158,5.2663984298706055,30.706695556640625
14588951,5.942329406738281,-471.0645751953125
14589752,0.2116694450378418,-5248.9521484375
14590552,1.0327513217926025,33.824554443359375
14591351,1.6696676015853882,2505.560546875
14592152,2.2896857261657715,1345.23681640625
14592952,3.0517938137054443,-598.3906860351562
14593751,3.5919277667999268,1349.3487548828125
14594552,4.296192169189453,1792.4193115234375
14595352,5.053839206695557,-1382.1673583984375
14596156,5.532708168029785,800.4722900390625
14596952,0.10980725288391113,-4512.5830078125
14597751,0.8190650939941406,-2394.14501953125
14598552,1.2837903499603271,3381.03759765625
14599352,2.1730923652648926,1119.024658203125
14600151,2.7897708415985107,8.398162841796875
14600952,3.3119068145751953,488.0010986328125
14601752,4.120811939239502,2184.35498046875
14602551,4.712446212768555,-691.3431396484375
14603352,5.3455095291137695,713.375
14604157,6.171128273010254,-2059.796142578125
14604951,0.45818257331848145,-4793.736328125
14605752,1.129209280014038,1453.99951171875
14606551,1.8744850158691406,2260.506103515625
14607351,2.3533401489257812,972.0390625
14608152,3.1881072521209717,-738.0062255859375
14608951,3.8778598308563232,2189.499267578125
14609752,4.400544166564941,631.2350463867188
14610552,5.207329750061035,-852.0318603515625
14611351,5.7823333740234375,180.41900634765625
14612156,0.17944073677062988,-5417.28759765625
14612952,0.965559720993042,-314.98016357421875
14613751,1.5508112907409668,3131.822265625
14614552,2.2664172649383545,698.3132934570312
14615351,2.9564261436462402,-100.80001831054688
14616151,3.4735310077667236,1140.0321044921875
14616952,4.278573989868164,1716.1202392578125
14617751,4.963588714599609,-971.4646606445312
14618551,5.446678638458252,989.571044921875
14619352,0.04816246032714844,-3649.0341796875
14620156,0.7070608139038086,-3467.8955078125
14620952,1.227098822593689,2346.71044921875
14621752,2.0847012996673584,1902.6409912109375
14622551,2.6392111778259277,402.8741455078125
14623352,3.2625696659088135,-384.8504943847656
14624152,4.020742416381836,2694.65234375
14624954,4.580968856811523,-477.92828369140625
14625752,5.3336501121521,-44.2928466796875
14626551,6.074831008911133,-1236.271728515625
14627352,0.3262479305267334,-5341.046875
14628158,1.0724127292633057,1584.6767578125
14628951,1.7352097034454346,2544.07568359375
14629752,2.3125534057617188,439.06744384765625
14630552,3.119257926940918,-188.89625549316406
14631351,3.73854660987854,1752.3380126953125
14632157,4.332058429718018,905.4315795898438
14632952,5.091759204864502,-635.4423828125
14633751,5.6511640548706055,649.6787109375
14634552,0.1483907699584961,-4886.1240234375
14635352,0.8740668296813965,-1766.9736328125
14636151,1.4082022905349731,2645.55419921875
14636952,2.207165241241455,1635.7772216796875
14637751,2.8301782608032227,-126.80255126953125
14638551,3.376924514770508,367.6259765625
14639352,4.197860240936279,2490.92431640625
14640159,4.85662841796875,-1245.3026123046875
14640952,5.380034446716309,673.9239501953125
14641752,6.231132507324219,-2941.367919921875
14642551,0.5934698581695557,-4215.24267578125
14643352,1.198383092880249,2833.5078125
14644152,1.99613618850708,1746.16455078125
14644950,2.4875130653381348,244.31137084960938
14645752,3.2202658653259277,31.060455322265625
14646551,3.9347989559173584,2206.7294921875
14647351,4.494145393371582,-4.2156829833984375
14648158,5.295660972595215,-29.62591552734375
14648951,5.971802234649658,-452.309814453125
14649752,0.24300932884216309,-5269.9677734375
14650552,0.9921538829803467,40.34407043457031
14651351,1.6409900188446045,2583.45947265625
14652152,2.300452709197998,1297.636962890625
14652953,3.047877073287964,-621.8699951171875
14653751,3.609736442565918,1357.677734375
14654552,4.2879204750061035,1747.4361572265625
14655352,5.011488914489746,-1307.365478515625
14656157,5.52420711517334,816.13818359375
14656952,0.11306047439575195,-4579.21923828125
14657751,0.8208601474761963,-2388.2392578125
14658552,1.3075048923492432,3333.540283203125
14659352,2.134566307067871,1146.7357177734375
14660152,2.7600021362304688,85.20486450195312
14660952,3.3241822719573975,427.3417663574219
14661752,4.113697528839111,2179.35107421875
14662554,4.737246513366699,-694.2491455078125
14663352,5.341442108154297,664.453857421875
14664157,6.13178014755249,-1982.1444091796875
14664951,0.46021270751953125,-4780.52392578125
14665752,1.1418516635894775,1405.6109619140625
14666551,1.887129545211792,2279.11767578125
14667351,2.386119842529297,927.365234375
14668153,3.152414083480835,-711.4114990234375
14668951,3.862053871154785,2263.382568359375
14669752,4.415961742401123,569.9006958007812
14670552,5.208123683929443,-853.6163330078125
14671352,5.825136184692383,183.61285400390625
14672157,0.17300939559936523,-5458.7138671875
14672952,0.9218389987945557,-231.29495239257812
14673751,1.5511622428894043,3136.07763671875
14674552,2.2710297107696533,643.1387329101562
14675351,2.972240924835205,-76.96493530273438
14676151,3.4956345558166504,1093.564208984375
14676952,4.222060680389404,1743.8460693359375
14677754,4.946235179901123,-899.0877075195312
14678552,5.4505720138549805,921.4139404296875
14679352,0.035955190658569336,-3644.076416015625
14680156,0.7376856803894043,-3479.43212890625
14680952,1.2115792036056519,2297.048828125
14681753,2.049229145050049,2003.7451171875
14682551,2.633169174194336,392.64031982421875
14683352,3.2622625827789307,-440.5635986328125
14684152,4.02593469619751,2715.93896484375
14684951,4.592818260192871,-535.5196533203125
14685752,5.281435966491699,7.50897216796875
14686551,6.0456132888793945,-1181.8798828125
14687352,0.3352830410003662,-5411.5361328125
14688158,1.0703940391540527,1609.8873291015625
14688951,1.77723228931427,2516.784912109375
14689752,2.292539119720459,407.5406799316406
14690552,3.1002838611602783,-94.15337371826172
14691351,3.749203681945801,1725.9912109375
14692152,4.3457536697387695,870.1136474609375
14692953,5.121041297912598,-619.7925415039062
14693751,5.679546356201172,598.900146484375
14694552,0.11431074142456055,-4827.7705078125
14695352,0.8918454647064209,-1718.362548828125
14696157,1.437983751296997,2588.598388671875
14696952,2.232598304748535,1651.9910888671875
14697751,2.89239501953125,-148.2001953125
14698551,3.3731629848480225,358.33941650390625
14699352,4.179862022399902,2573.92138671875
14700151,4.876067638397217,-1271.13037109375
14700952,5.395993232727051,643.0950927734375
14701752,6.257722854614258,-2924.208740234375
14702551,0.6075592041015625,-4251.23046875
14703352,1.1447811126708984,2890.623046875
14704157,1.9829787015914917,1782.526611328125
14704950,2.510258674621582,175.22412109375
14705752,3.22550106048584,43.2772216796875
14706551,3.9759840965270996,2178.59326171875
14707351,4.468989372253418,-16.240203857421875
14708152,5.262240886688232,57.544158935546875
14708951,5.963123321533203,-490.811767578125
14709752,0.241438627243042,-5309.0126953125
14710552,1.0078966617584229,41.224609375
14711351,1.6518899202346802,2541.228271484375
14712152,2.2465038299560547,1370.015625
14712952,3.041806697845459,-596.2755126953125
14713751,3.6185925006866455,1292.4395751953125
14714552,4.294266700744629,1769.9141845703125
14715352,5.043921947479248,-1343.3052978515625
14716151,5.501365661621094,810.3348999023438
14716952,0.08949899673461914,-4495.95361328125
14717751,0.8273289203643799,-2422.560546875
14718552,1.3101999759674072,3313.49609375
14719352,2.164306402206421,1145.41162109375
14720156,2.771996021270752,40.564483642578125
14720952,3.284827947616577,503.55078125
14721752,4.13112735748291,2201.71826171875
14722551,4.75179386138916,-754.98828125
14723352,5.361171722412109,694.468994140625
14724152,6.184767723083496,-2020.5732421875
14724951,0.4395785331726074,-4779.45703125
14725753,1.1275954246520996,1491.14599609375
14726552,1.8999234437942505,2231.8798828125
14727351,2.400346040725708,912.2012939453125
14728157,3.17937970161438,-705.4439697265625
14728951,3.8747143745422363,2220.363525390625
14729752,4.370889663696289,653.62255859375
14730552,5.216251373291016,-839.5072021484375
14731351,5.8226776123046875,118.62896728515625
14732157,0.18353819847106934,-5426.7529296875
14732952,0.9484708309173584,-281.5230407714844
14733751,1.520406723022461,3147.26806640625
14734552,2.2417731285095215,729.965087890625
14735351,2.961331844329834,-146.94219970703125
14736151,3.490391254425049,1085.1741943359375
14736952,4.238027572631836,1744.473876953125
14737751,4.936400890350342,-947.289306640625
14738551,5.404627799987793,1010.7919921875
14739353,0.043616294860839844,-3652.62890625
14740156,0.7368152141571045,-3529.266845703125
14740952,1.2201937437057495,2331.06201171875
14741752,2.0714640617370605,1935.8402099609375
14742551,2.599483013153076,421.0852355957031
14743352,3.2517549991607666,-368.2769775390625
14744152,4.044564247131348,2657.386962890625
14744953,4.6034345626831055,-529.1865234375
14745752,5.322118759155273,-7.13433837890625
14746551,6.065611362457275,-1209.58740234375
14747352,0.3091864585876465,-5323.8125
14748158,1.1063807010650635,1603.056640625
14748951,1.7984141111373901,2476.29150390625
14749752,2.3261091709136963,429.6360168457031
14750552,3.1219558715820312,-140.56724548339844
14751351,3.7188174724578857,1767.7896728515625
14752152,4.342234134674072,934.069580078125
14752952,5.138324737548828,-681.5859375
14753752,5.694336891174316,601.1507568359375
14754552,0.15368056297302246,-4835.69482421875
14755353,0.885554313659668,-1739.3736572265625
14756151,1.4037549495697021,2670.886474609375
14756952,2.246479034423828,1631.9285888671875
14757751,2.8906447887420654,-197.13909912109375
14758551,3.3900856971740723,375.60174560546875
14759352,4.2004547119140625,2525.401123046875
14760151,4.838490009307861,-1222.79052734375
14760952,5.390213966369629,701.7254028320312
14761752,6.264471054077148,-2993.876220703125
14762551,0.6162314414978027,-4255.87158203125
14763352,1.1753746271133423,2866.84326171875
14764157,1.9704585075378418,1774.391357421875
14764951,2.4683828353881836,265.4477844238281
14765752,3.2396414279937744,11.5635986328125
14766551,3.962817907333374,2147.7275390625
14767355,4.48858642578125,1.8833694458007812
14768152,5.27137565612793,-0.41375732421875
14768951,5.92641544342041,-440.042724609375
14769752,0.24360275268554688,-5260.15673828125
14770552,1.035853385925293,-18.792266845703125
14771351,1.6624685525894165,2546.71923828125
14772152,2.28806734085083,1344.24072265625
14772951,3.0304646492004395,-605.362548828125
14773751,3.593515634536743,1376.8150634765625
14774552,4.321429252624512,1736.835205078125
14775352,5.051760673522949,-1374.9493408203125
14776151,5.526850700378418,834.210205078125
14776952,0.10205435752868652,-4542.54541015625
14777751,0.7929136753082275,-2364.349609375
14778552,1.313722014427185,3355.5234375
14779352,2.1726951599121094,1081.3721923828125
14780150,2.7837929725646973,58.52410888671875
14780952,3.3117105960845947,472.6269226074219
14781752,4.088657379150391,2197.539306640625
14782554,4.7235212326049805,-667.7940673828125
14783352,5.36354923248291,646.0542602539062
14784152,6.163907051086426,-2040.3616943359375
14784951,0.45081281661987305,-4766.4677734375
14785752,1.1162893772125244,1429.0609130859375
14786553,1.8445062637329102,2301.81591796875
14787351,2.3820924758911133,942.6754150390625
14788152,3.1787636280059814,-774.337890625
14788951,3.8667097091674805,2235.5048828125
14789752,4.3873138427734375,608.0908203125
14790552,5.176028728485107,-830.8191528320312
14791351,5.784012794494629,204.21759033203125
14792152,0.1933739185333252,-5488.1328125
14792952,0.942901611328125,-287.43194580078125
14793752,1.5458921194076538,3151.60693359375
14794552,2.242733955383301,672.640380859375
14795351,2.9317843914031982,-58.79853820800781
14796151,3.4953646659851074,1099.3494873046875
14796952,4.260408878326416,1687.3466796875
14797753,4.953250408172607,-922.13232421875
14798552,5.4333038330078125,967.9971313476562
14799352,0.01403045654296875,-3627.04833984375
14800151,0.7296698093414307,-3454.99072265625
14800952,1.2474799156188965,2278.7001953125
14801752,2.0887222290039062,1934.8055419921875
14802551,2.64190411567688,423.93731689453125
14803352,3.2545692920684814,-403.7377014160156
14804152,4.014071941375732,2729.0244140625
14804955,4.619619846343994,-522.3357543945312
14805752,5.346277236938477,-56.9794921875
14806551,6.094144821166992,-1190.7158203125
14807352,0.34163713455200195,-5357.228515625
14808152,1.0578334331512451,1627.8514404296875
14808951,1.7746440172195435,2544.00634765625
14809752,2.345090627670288,372.20343017578125
14810552,3.12583065032959,-147.01097106933594
14811351,3.758376359939575,1758.7230224609375
14812152,4.33634614944458,897.4860229492188
14812952,5.105517387390137,-591.4267578125
14813751,5.692466735839844,598.3240356445312
14814552,0.15757966041564941,-4892.92138671875
14815352,0.8887186050415039,-1729.7314453125
14816151,1.425519585609436,2620.98291015625
14816952,2.1947131156921387,1675.33056640625
14817751,2.8711042404174805,-130.6456298828125
14818551,3.398860216140747,310.36431884765625
14819352,4.185833930969238,2531.12890625
14820151,4.869756698608398,-1238.35986328125
14820953,5.378867149353027,658.960205078125
14821753,6.23417854309082,-2909.39599609375
14822551,0.6215376853942871,-4259.5107421875
14823352,1.1854028701782227,2820.49658203125
14824152,1.9924041032791138,1785.0009765625
14824950,2.491720199584961,218.26980590820312
14825752,3.199460506439209,54.89459228515625
14826552,3.967059850692749,2206.1279296875
14827354,4.505988121032715,-62.08911895751953
14828158,5.285727500915527,14.1124267578125
14828951,5.980550765991211,-447.330322265625
14829752,0.22893905639648438,-5292.619140625
14830552,1.0004541873931885,75.97697448730469
14831351,1.6691454648971558,2532.431884765625
14832157,2.2928013801574707,1294.8453369140625
14832951,3.0478036403656006,-579.0858154296875
14833751,3.60919451713562,1330.279296875
14834552,4.258437156677246,1786.3538818359375
14835352,5.035557270050049,-1324.4688720703125
14836151,5.531424522399902,761.0609130859375
14836953,0.09888529777526855,-4524.3037109375
14837751,0.8211102485656738,-2396.61083984375
14838552,1.284919023513794,3328.39794921875
14839352,2.140777587890625,1181.1973876953125
14840150,2.7728195190429688,19.663543701171875
14840952,3.3110902309417725,434.3654479980469
14841752,4.101092338562012,2212.8818359375
14842554,4.727222919464111,-724.0345458984375
14843352,5.316131591796875,715.003662109375
14844153,6.154766082763672,-2003.19873046875
14844952,0.4670071601867676,-4833.6748046875
14845752,1.1211726665496826,1456.377197265625
14846551,1.8828704357147217,2261.09619140625
14847351,2.360795497894287,930.1632080078125
14848157,3.163267135620117,-681.1080322265625
14848951,3.868479013442993,2197.328125
14849752,4.39860200881958,587.8335571289062
14850552,5.197897911071777,-822.710693359375
14851351,5.800127029418945,155.6968994140625
14852152,0.15418291091918945,-5414.7353515625
14852952,0.9601156711578369,-258.4290771484375
14853751,1.5572564601898193,3093.21875
14854552,2.2683286666870117,694.6233520507812
14855351,2.9810378551483154,-89.54151916503906
14856151,3.4816200733184814,1100.6962890625
14856952,4.253515243530273,1761.8143310546875
14857751,4.973015785217285,-959.2152099609375
14858551,5.45404052734375,948.3163452148438
14859352,0.04424786567687988,-3618.16650390625
14860151,0.7361466884613037,-3485.84814453125
14860952,1.2068694829940796,2348.28271484375
14861752,2.086489200592041,1950.2880859375
14862551,2.662137269973755,360.4457092285156
14863352,3.2666120529174805,-382.2486572265625
14864157,4.048158645629883,2694.150390625
14864953,4.583034515380859,-510.93682861328125
14865752,5.311976432800293,19.091949462890625
14866551,6.079639911651611,-1241.91357421875
14867352,0.33370399475097656,-5377.47998046875
14868152,1.0751228332519531,1614.596923828125
14868951,1.7724024057388306,2509.28271484375
14869752,2.2871012687683105,456.79840087890625
14870552,3.1251840591430664,-143.80421447753906
14871351,3.760540723800659,1701.9124755859375
14872158,4.3418965339660645,917.2230834960938
14872952,5.125571250915527,-642.9202270507812
14873751,5.663003444671631,613.6821899414062
14874552,0.13899874687194824,-4817.36328125
14875352,0.9012339115142822,-1777.108642578125
14876151,1.425615668296814,2611.416748046875
14876952,2.2343499660491943,1666.9534912109375
14877751,2.8773865699768066,-163.7174835205078
14878551,3.360029697418213,395.33673095703125
14879352,4.211258888244629,2535.734375
14880156,4.871301174163818,-1294.5648193359375
14880952,5.392760276794434,690.60400390625
14881752,6.264456272125244,-2949.66162109375
14882552,0.5890343189239502,-4239.7587890625
14883352,1.1714451313018799,2897.958984375
14884152,1.990638256072998,1727.7716064453125
14884950,2.4913792610168457,215.18218994140625
14885752,3.2257132530212402,51.49420166015625
14886551,3.9554944038391113,2167.336181640625
14887354,4.457799911499023,27.288734436035156
14888158,5.287649154663086,3.7763671875
14888951,5.9604034423828125,-502.3326416015625
14889752,0.23867273330688477,-5260.2197265625
14890552,1.012347936630249,7.9239654541015625
14891351,1.6192256212234497,2563.6591796875
14892152,2.268575429916382,1371.8717041015625
14892951,3.0426201820373535,-652.4876098632812
14893751,3.608458995819092,1335.135986328125
14894552,4.284327507019043,1767.1357421875
14895352,5.017136573791504,-1351.30078125
14896157,5.488292694091797,857.9661254882812
14896953,0.10268807411193848,-4556.5673828125
14897751,0.8127508163452148,-2429.07861328125
14898552,1.2993651628494263,3357.13671875
14899352,2.147505044937134,1112.026611328125
14900150,2.734003782272339,74.36807250976562
14900952,3.305025339126587,492.1029052734375
14901752,4.118919372558594,2145.837890625
14902554,4.7366557121276855,-709.5943603515625
14903352,5.346710681915283,689.0455322265625
14904157,6.153467178344727,-2018.560791015625
14904952,0.4402458667755127,-4746.70703125
14905752,1.159040927886963,1429.22412109375
14906551,1.9026188850402832,2234.1005859375
14907351,2.393784523010254,948.045166015625
14908152,3.178563356399536,-724.8995361328125
14908951,3.843174457550049,2253.130126953125
14909752,4.407129764556885,627.9984130859375
14910552,5.222581386566162,-880.8280029296875
14911351,5.831392288208008,171.15771484375
14912158,0.19299578666687012,-5433.1259765625
14912953,0.9403903484344482,-263.57977294921875
14913751,1.5315886735916138,3176.94970703125
14914552,2.2770140171051025,660.1898803710938
14915351,2.971231460571289,-126.29330444335938
14916151,3.494326114654541,1115.1343994140625
14916952,4.251320838928223,1718.0888671875
14917751,4.927938461303711,-903.9017333984375
14918551,5.439788818359375,985.86328125
14919352,0.05525970458984375,-3682.58740234375
14920156,0.7394347190856934,-3487.120361328125
14920953,1.2295379638671875,2308.7900390625
14921752,2.0536112785339355,1954.742919921875
14922551,2.618959426879883,448.8392639160156
14923352,3.2783045768737793,-430.17083740234375
14924152,4.036937236785889,2674.4541015625
14924953,4.603384971618652,-501.91796875
14925752,5.315621376037598,-35.896636962890625
14926551,6.028515338897705,-1175.55859375
14927352,0.33356595039367676,-5349.7333984375
14928158,1.097240686416626,1563.62060546875
14928951,1.789591670036316,2521.204833984375
14929752,2.316946506500244,418.69232177734375
14930552,3.0982842445373535,-129.4300079345703
14931351,3.732999801635742,1783.8494873046875
14932157,4.362467288970947,868.7758178710938
14932952,5.1323652267456055,-662.1688842773438
14933751,5.690598487854004,628.535888671875
14934552,0.13773417472839355,-4864.92529296875
14935353,0.8589792251586914,-1705.020263671875
14936151,1.4263876676559448,2640.19873046875
14936952,2.2340240478515625,1600.573486328125
14937752,2.8865714073181152,-144.281494140625
14938551,3.386005401611328,359.824951171875
14939352,4.164209842681885,2547.038330078125
14940156,4.850846290588379,-1212.8714599609375
14940952,5.401965141296387,632.3443603515625
14941752,6.254910945892334,-2958.29150390625
14942551,0.6158831119537354,-4240.58740234375
14943352,1.1577650308609009,2840.807861328125
14944152,1.9499579668045044,1815.755126953125
14944951,2.488954782485962,227.57086181640625
14945752,3.2277443408966064,-9.000946044921875
14946551,3.9554965496063232,2189.607421875
14947354,4.481389045715332,-24.29444122314453
14948158,5.241664886474609,32.725616455078125
14948951,5.932497501373291,-428.5059814453125
14949752,0.24164962768554688,-5325.93212890625
14950552,1.0058984756469727,15.755035400390625
14951351,1.657039999961853,2553.056396484375
14952152,2.2622787952423096,1325.1552734375
14952951,3.0195555686950684,-562.7704467773438
14953751,3.6148841381073,1330.6744384765625
14954552,4.308176040649414,1720.1123046875
14955352,5.041650772094727,-1330.5584716796875
14956156,5.519375324249268,808.856201171875
14956952,0.0748436450958252,-4519.0107421875
14957751,0.8200669288635254,-2365.07958984375
14958552,1.3288244009017944,3301.65234375
14959352,2.1679019927978516,1122.9508056640625
14960150,2.7896175384521484,66.10317993164062
14960952,3.303807497024536,463.7330627441406
14961752,4.092964172363281,2230.05615234375
14962554,4.749833583831787,-721.0093994140625
14963352,5.364547252655029,643.4757080078125
14964157,6.179588317871094,-1993.9312744140625
14964952,0.46238040924072266,-4781.2431640625
14965752,1.100144386291504,1468.465576171875
14966551,1.8819774389266968,2285.35693359375
14967351,2.4041647911071777,882.1708374023438
14968153,3.1800267696380615,-725.06982421875
14968952,3.887847900390625,2235.2060546875
14969752,4.388951301574707,607.3920288085938
14970552,5.1894731521606445,-793.024169921875
14971352,5.818145751953125,146.8760986328125
14972158,0.19326400756835938,-5483.1357421875
14972952,0.9489502906799316,-256.7037353515625
14973752,1.5497968196868896,3128.41015625
14974552,2.2242515087127686,717.0179443359375
14975351,2.9623637199401855,-75.52827453613281
14976151,3.511060953140259,1050.1409912109375
14976952,4.248386859893799,1731.5762939453125
14977751,4.959897041320801,-931.0555419921875
14978551,5.422551155090332,960.885498046875
14979352,0.02716851234436035,-3597.345703125
14980156,0.7434666156768799,-3507.41162109375
14980952,1.2315775156021118,2281.68994140625
14981752,2.080781936645508,1965.65478515625
14982551,2.635618209838867,399.6067810058594
14983352,3.2367453575134277,-370.6485900878906
14984152,4.04700231552124,2712.01318359375
14984953,4.624999046325684,-567.135986328125
14985753,5.333018779754639,-11.599029541015625
14986551,6.092184066772461,-1199.020263671875
14987352,0.3155083656311035,-5364.19677734375
14988158,1.071214199066162,1653.0546875
14988951,1.7956836223602295,2488.23095703125
14989752,2.332021951675415,387.02667236328125
14990552,3.1218929290771484,-112.4466552734375
14991351,3.746316909790039,1737.3529052734375
14992152,4.3041863441467285,938.769775390625
14992953,5.126445293426514,-626.100341796875
14993751,5.697299957275391,554.3702392578125
14994552,0.14256000518798828,-4839.0732421875
14995352,0.8882889747619629,-1744.175048828125
14996157,1.3893743753433228,2630.63720703125
14996952,2.201392650604248,1695.8797607421875
14997751,2.8751232624053955,-194.7740936279297
14998551,3.3808398246765137,331.44976806640625
14999353,4.170403003692627,2549.60986328125
15000151,4.848310947418213,-1261.56591796875
15000952,5.352713584899902,711.707763671875
15001752,6.250046730041504,-2944.24169921875
15002551,0.6201648712158203,-4302.83203125
15003352,1.164003610610962,2873.681396484375
15004157,1.9776594638824463,1761.68212890625
15004951,2.463299512863159,230.32763671875
15005752,3.211233377456665,77.81411743164062
15006551,3.9676060676574707,2137.2001953125
15007354,4.488286972045898,-29.734657287597656
15008152,5.268977642059326,33.830230712890625
15008952,5.951791286468506,-472.80987548828125
15009753,0.21659421920776367,-5245.4345703125
15010552,1.0340337753295898,32.28788757324219
15011351,1.677268624305725,2503.106201171875
15012157,2.29257869720459,1346.556640625
15012952,3.0552139282226562,-598.3221435546875
15013751,3.592714309692383,1348.6953125
15014552,4.296296119689941,1792.1669921875
15015352,5.055006504058838,-1381.1563720703125
15016151,5.539519786834717,800.5820922851562
15016953,0.10936117172241211,-4510.22998046875
15017751,0.8243918418884277,-2398.640380859375
15018552,1.289799451828003,3378.1796875
15019352,2.1765012741088867,1122.9583740234375
15020156,2.797722101211548,5.69915771484375
15020952,3.3149044513702393,483.80926513671875
15021752,4.124680042266846,2185.54443359375
15022551,4.718966960906982,-687.1864013671875
15023352,5.35053825378418,714.3862915039062
15024152,6.180698394775391,-2058.768798828125
15024951,0.4637303352355957,-4793.58203125
15025752,1.130053997039795,1453.9886474609375
15026552,1.87725031375885,2261.61279296875
15027351,2.360224962234497,970.1951904296875
15028157,3.1900107860565186,-736.358154296875
15028951,3.8796582221984863,2190.162109375
15029752,4.398842811584473,629.6317138671875
15030553,5.206201076507568,-851.059814453125
15031351,5.784732818603516,179.912109375
15032157,0.1797037124633789,-5418.0107421875
15032953,0.9677367210388184,-316.05316162109375
15033751,1.550154447555542,3130.016845703125
15034553,2.2621898651123047,700.3268432617188
15035351,2.9604406356811523,-101.05401611328125
15036151,3.4782989025115967,1136.2523193359375
15036952,4.277200222015381,1716.08642578125
15037751,4.964617729187012,-972.5572509765625
15038551,5.446267127990723,990.2118530273438
15039354,0.04923129081726074,-3646.81982421875
15040156,0.7127749919891357,-3468.11474609375
15040952,1.232783317565918,2345.568115234375
15041752,2.0911097526550293,1901.44873046875
15042551,2.6428070068359375,406.4909362792969
15043352,3.26370906829834,-384.75250244140625
15044152,4.019376754760742,2690.07421875
15044954,4.587234973907471,-477.43487548828125
15045753,5.335816383361816,-39.271575927734375
15046551,6.07199764251709,-1234.8663330078125
15047352,0.32900428771972656,-5341.85693359375
15048158,1.0726673603057861,1584.784912109375
15048951,1.734926700592041,2541.95068359375
15049752,2.311406373977661,440.42266845703125
15050552,3.1188130378723145,-192.0493621826172
15051351,3.7363011837005615,1750.1141357421875
15052152,4.3307647705078125,907.7453002929688
15052952,5.094368934631348,-637.1511840820312
15053751,5.656578063964844,653.0701904296875
15054552,0.14913630485534668,-4888.87890625
15055352,0.8780653476715088,-1769.419189453125
15056157,1.4162514209747314,2648.20068359375
15056952,2.211639881134033,1633.553466796875
15057751,2.8359375,-123.22882080078125
15058551,3.380204200744629,365.29095458984375
15059352,4.195926189422607,2488.298583984375
15060154,4.855275630950928,-1238.0419921875
15060952,5.380617618560791,675.7054443359375
15061752,6.234090805053711,-2942.60009765625
15062551,0.5998153686523438,-4215.0927734375
15063352,1.1933070421218872,2833.910400390625
15064157,1.9956268072128296,1745.9259033203125
15064951,2.4890363216400146,243.48843383789062
15065752,3.217470645904541,28.34222412109375
15066551,3.9320156574249268,2203.357666015625
15067352,4.49747371673584,-6.1485748291015625
15068152,5.298885345458984,-26.237457275390625
15068951,5.980415344238281,-445.6610107421875
15069752,0.25278663635253906,-5275.4423828125
15070552,0.9967703819274902,36.86827087402344
15071351,1.6490674018859863,2586.0927734375
15072157,2.308537483215332,1295.775634765625
15072951,3.0543196201324463,-620.2990112304688
15073752,3.618143320083618,1355.596435546875
15074552,4.295187473297119,1747.972412109375
15075352,5.017858028411865,-1301.465576171875
15076151,5.529433250427246,818.4212646484375
15076952,0.1170356273651123,-4577.7099609375
15077752,0.8247184753417969,-2390.29052734375
15078552,1.3142240047454834,3333.271728515625
15079352,2.134103298187256,1150.27001953125
15080156,2.7678020000457764,86.80764770507812
15080952,3.3288209438323975,424.8746032714844
15081752,4.116057872772217,2178.30517578125
15082554,4.740889549255371,-693.3629150390625
15083353,5.345953941345215,661.1657104492188
15084152,6.1437482833862305,-1980.91748046875
15084951,0.46593785285949707,-4780.7373046875
15085752,1.1488986015319824,1401.98388671875
15086552,1.8952569961547852,2280.72021484375
15087351,2.3901076316833496,928.2942504882812
15088157,3.1557538509368896,-709.6619262695312
15088951,3.865748405456543,2261.6337890625
15089752,4.42041540145874,567.7552490234375
15090552,5.211128234863281,-850.5126953125
15091352,5.82651424407959,183.819580078125
15092152,0.1726839542388916,-5457.6552734375
15092952,0.9225142002105713,-230.48385620117188
15093751,1.555100440979004,3134.061279296875
15094552,2.2676239013671875,644.182861328125
15095351,2.970635414123535,-78.36726379394531
15096156,3.496608257293701,1092.8165283203125
15096952,4.216602325439453,1747.078857421875
15097751,4.9448699951171875,-903.052978515625
15098551,5.446568965911865,918.8226318359375
15099353,0.03356432914733887,-3645.29443359375
15100151,0.7391910552978516,-3479.374755859375
15100952,1.206376075744629,2298.6162109375
15101752,2.0485775470733643,1997.8919677734375
15102551,2.633535146713257,393.9779968261719
15103352,3.2616426944732666,-440.9125671386719
15104157,4.026702404022217,2713.65625
15104953,4.598602294921875,-532.96142578125
15105753,5.282131195068359,8.80712890625
15106551,6.047457695007324,-1181.0723876953125
15107352,0.3367781639099121,-5414.98974609375
15108152,1.0690875053405762,1613.479248046875
15108951,1.7731062173843384,2516.004638671875
15109752,2.2938408851623535,406.4432373046875
15110552,3.101764440536499,-89.49635314941406
15111351,3.7537152767181396,1723.3382568359375
15112157,4.343392372131348,874.1519775390625
15112952,5.121081352233887,-617.6915283203125
15113751,5.682447910308838,596.4042358398438
15114552,0.1139075756072998,-4829.0380859375
15115352,0.8938536643981934,-1722.0914306640625
15116151,1.440661072731018,2588.341796875
15116952,2.234839916229248,1653.7830810546875
15117751,2.8921356201171875,-146.41998291015625
15118551,3.3782148361206055,357.43487548828125
15119352,4.182387828826904,2571.7333984375
15120159,4.8777008056640625,-1271.3817138671875
15120952,5.397753715515137,645.7302856445312
15121752,6.264246940612793,-2922.811767578125
15122551,0.6143646240234375,-4253.0166015625
15123352,1.1433188915252686,2892.15673828125
15124152,1.9839751720428467,1784.10498046875
15124950,2.5096960067749023,176.39370727539062
15125752,3.224684715270996,43.484588623046875
15126552,3.9701507091522217,2176.536865234375
15127351,4.470426559448242,-15.010154724121094
15128158,5.262430191040039,58.2225341796875
15128951,5.958072662353516,-490.2210693359375
15129752,0.24367570877075195,-5307.1474609375
15130552,1.0043096542358398,35.76063537597656
15131353,1.649491548538208,2536.44140625
15132157,2.2426648139953613,1374.6453857421875
15132951,3.044215202331543,-597.7813720703125
15133751,3.622546434402466,1288.08740234375
15134552,4.29199743270874,1771.9052734375
15135352,5.039071083068848,-1343.8184814453125
15136151,5.505390644073486,810.5172119140625
15136952,0.08329463005065918,-4497.98828125
15137752,0.8255767822265625,-2422.947509765625
15138552,1.3098167181015015,3315.568359375
15139352,2.1595263481140137,1144.4451904296875
15140156,2.776911735534668,48.013214111328125
15140952,3.2871174812316895,502.76837158203125
15141753,4.128975868225098,2195.505859375
15142551,4.749364852905273,-753.404296875
15143352,5.35587215423584,692.3348388671875
15144152,6.178433418273926,-2017.446044921875
15144951,0.4381985664367676,-4779.8505859375
15145752,1.122610330581665,1490.020751953125
15146551,1.8871639966964722,2237.306884765625
15147351,2.3912622928619385,909.3946533203125
15148157,3.1777455806732178,-705.2422485351562
15148951,3.872530460357666,2218.574462890625
15149752,4.3723015785217285,647.4785766601562
15150552,5.218256950378418,-836.1180419921875
15151351,5.828583240509033,116.51275634765625
15152152,0.1840808391571045,-5430.70703125
15152952,0.9488203525543213,-276.7889709472656
15153751,1.5221936702728271,3143.7041015625
15154552,2.2414071559906006,728.1077270507812
15155351,2.963672161102295,-137.30015563964844
15156157,3.490556478500366,1088.55322265625
15156952,4.23978853225708,1741.3126220703125
15157754,4.934662818908691,-948.2412109375
15158551,5.402631759643555,1014.860595703125
15159352,0.038147687911987305,-3651.4619140625
15160151,0.733393669128418,-3533.427978515625
15160952,1.2161799669265747,2329.99755859375
15161752,2.0621066093444824,1937.2197265625
15162551,2.5987343788146973,423.88671875
15163352,3.249560832977295,-368.76654052734375
15164157,4.036355972290039,2653.73486328125
15164953,4.602880477905273,-530.1913452148438
15165752,5.317798614501953,-9.313934326171875
15166551,6.056938171386719,-1211.780029296875
15167352,0.3082108497619629,-5321.4697265625
15168152,1.1041982173919678,1602.842529296875
15168951,1.79414701461792,2470.7880859375
15169752,2.326164960861206,433.13323974609375
15170552,3.121934175491333,-133.50674438476562
15171351,3.720259666442871,1763.491943359375
15172157,4.3441362380981445,930.5914916992188
15172952,5.135359764099121,-677.85302734375
15173751,5.691982269287109,602.4340209960938
15174552,0.14975595474243164,-4839.365234375
15175352,0.8810725212097168,-1737.3929443359375
15176151,1.40237557888031,2673.763916015625
15176952,2.2435898780822754,1630.601806640625
15177751,2.888669490814209,-192.81442260742188
15178551,3.385957717895508,376.201171875
15179352,4.1927714347839355,2524.09716796875
15180156,4.832343101501465,-1224.625
15180952,5.386623382568359,695.3348999023438
15181752,6.264430999755859,-2992.427734375
15182551,0.6172175407409668,-4252.46484375
15183352,1.1730210781097412,2864.232421875
15184152,1.9697115421295166,1772.8231201171875
15184951,2.4688940048217773,268.5321350097656
15185752,3.2396767139434814,10.76385498046875
15186551,3.9676010608673096,2143.21923828125
15187351,4.493799209594727,4.821632385253906
15188158,5.2770843505859375,3.93658447265625
15188951,5.922083854675293,-441.54547119140625
15189752,0.2372581958770752,-5261.0185546875
15190552,1.0316762924194336,-17.308670043945312
15191351,1.6557867527008057,2547.40869140625
15192152,2.2857017517089844,1344.441162109375
15192951,3.027168035507202,-601.7785034179688
15193751,3.5960123538970947,1382.666748046875
15194552,4.321417808532715,1733.8287353515625
15195352,5.047532558441162,-1379.3702392578125
15196156,5.531262397766113,833.7611694335938
15196952,0.09970831871032715,-4548.15966796875
15197751,0.7909915447235107,-2366.152099609375
15198552,1.319473385810852,3359.08349609375
15199353,2.1724886894226074,1082.51220703125
15200150,2.7834670543670654,60.86187744140625
15200952,3.3122410774230957,473.37353515625
15201752,4.08908748626709,2194.164306640625
15202554,4.727024078369141,-665.564453125
15203352,5.362562656402588,645.616455078125
15204157,6.164968490600586,-2040.36572265625
15204951,0.455568790435791,-4761.9345703125
15205752,1.1175930500030518,1423.9267578125
15206551,1.8432267904281616,2304.34765625
15207351,2.3815929889678955,942.1395874023438
15208152,3.180325746536255,-778.345703125
15208951,3.8640451431274414,2244.100341796875
15209752,4.390021324157715,604.4208374023438
15210552,5.1744384765625,-832.1448974609375
15211351,5.787317276000977,208.11669921875
15212152,0.18663644790649414,-5490.9013671875
15212952,0.9396073818206787,-285.9468994140625
15213751,1.5435490608215332,3148.50830078125
15214552,2.2349905967712402,671.2080688476562
15215351,2.9304511547088623,-54.4405517578125
15216151,3.4977636337280273,1097.8516845703125
15216953,4.261505603790283,1682.4935302734375
15217751,4.955833435058594,-921.39794921875
15218551,5.438960075378418,970.29638671875
15219352,0.016590595245361328,-3630.088134765625
15220156,0.7316968441009521,-3454.851318359375
15220952,1.2520745992660522,2278.337890625
15221752,2.0905137062072754,1933.3526611328125
15222551,2.645801305770874,428.72576904296875
15223352,3.2569427490234375,-402.55078125
15224152,4.0167741775512695,2731.22265625
15224953,4.619691371917725,-520.6737060546875
15225752,5.343680381774902,-59.422882080078125
15226552,6.092478275299072,-1187.3525390625
15227352,0.34182190895080566,-5358.69677734375
15228152,1.0587265491485596,1625.857421875
15228951,1.7779953479766846,2545.84765625
15229752,2.345205783843994,370.8117370605469
15230552,3.124776601791382,-147.01055908203125
15231351,3.7618870735168457,1759.111572265625
15232152,4.337893009185791,896.655029296875
15232952,5.108575820922852,-592.715576171875
15233751,5.696836471557617,599.6083984375
15234552,0.1591501235961914,-4893.66552734375
15235352,0.890355110168457,-1728.5302734375
15236157,1.4291726350784302,2623.06787109375
15236952,2.1963372230529785,1671.82275390625
15237751,2.8718864917755127,-130.19851684570312
15238552,3.3998982906341553,310.6021728515625
15239352,4.186715126037598,2533.99365234375
15240152,4.870644569396973,-1238.2843017578125
15240952,5.374480724334717,655.410400390625
15241752,6.235194206237793,-2906.5947265625
15242551,0.6234574317932129,-4263.310546875
15243352,1.18497633934021,2821.12353515625
15244157,1.9939689636230469,1790.085205078125
15244950,2.490327835083008,216.76370239257812
15245752,3.198401689529419,53.5443115234375
15246551,3.9674150943756104,2205.010986328125
15247354,4.512448787689209,-60.09313201904297
15248152,5.287685871124268,10.106170654296875
15248951,5.988801956176758,-449.34967041015625
15249752,0.2334439754486084,-5286.9716796875
15250552,1.0047075748443604,73.05738830566406
15251351,1.6775654554367065,2528.681396484375
15252152,2.3002676963806152,1295.315673828125
15252951,3.059992790222168,-577.5106811523438
15253751,3.6161656379699707,1330.6954345703125
15254552,4.266391754150391,1788.57275390625
15255352,5.038706302642822,-1317.998779296875
15256151,5.537908554077148,760.5989379882812
15256953,0.10303831100463867,-4527.92529296875
15257751,0.82914137840271,-2392.6982421875
15258552,1.2919286489486694,3328.96875
15259352,2.148406744003296,1180.4842529296875
15260150,2.7802367210388184,27.439544677734375
15260952,3.310953140258789,430.0601806640625
15261752,4.105246543884277,2208.0478515625
15262554,4.733787536621094,-721.90576171875
15263352,5.317086219787598,710.90283203125
15264157,6.161065101623535,-1999.589599609375
15264951,0.47332024574279785,-4832.06640625
15265752,1.1275148391723633,1455.9617919921875
15266551,1.8855037689208984,2259.68115234375
15267352,2.3649024963378906,926.8707275390625
15268152,3.1653671264648438,-681.435791015625
15268951,3.877596855163574,2195.69775390625
15269752,4.404144287109375,591.8760986328125
15270553,5.204607009887695,-821.880126953125
15271351,5.807712554931641,157.34442138671875
15272152,0.15477991104125977,-5413.814453125
15272952,0.9613401889801025,-260.92498779296875
15273751,1.5595234632492065,3092.026611328125
15274552,2.2689602375030518,692.7567749023438
15275351,2.9819087982177734,-88.18487548828125
15276151,3.4844095706939697,1101.731201171875
15276953,4.250804901123047,1765.380615234375
15277751,4.9769086837768555,-963.91796875
15278551,5.4564666748046875,946.4329833984375
15279352,0.05111193656921387,-3616.93408203125
15280151,0.7432420253753662,-3491.60693359375
15280952,1.2081499099731445,2351.5859375
15281752,2.0917773246765137,1950.45458984375
15282552,2.6644773483276367,359.9219970703125
15283353,3.269300937652588,-381.8689880371094
15284152,4.05897331237793,2694.22216796875
15284954,4.592805862426758,-508.77337646484375
15285753,5.3211164474487305,19.522247314453125
15286551,6.088807106018066,-1239.115234375
15287352,0.34149670600891113,-5378.5322265625
15288152,1.0781004428863525,1614.86474609375
15288952,1.7805954217910767,2508.8857421875
15289752,2.288125991821289,456.7669982910156
15290552,3.1296348571777344,-141.4220428466797
15291351,3.767932176589966,1703.3094482421875
15292152,4.343361854553223,922.3110961914062
15292952,5.127464771270752,-646.56298828125
15293751,5.662145614624023,610.252685546875
15294552,0.13863039016723633,-4815.3330078125
15295352,0.9037952423095703,-1782.85986328125
15296151,1.429837703704834,2612.779296875
15296952,2.2349257469177246,1669.3251953125
15297751,2.8819799423217773,-167.8782958984375
15298551,3.3644189834594727,397.6143798828125
15299352,4.216954708099365,2532.659912109375
15300155,4.876495361328125,-1299.2589111328125
15300952,5.393571853637695,692.6346435546875
15301752,6.267002105712891,-2949.328125
15302551,0.5935282707214355,-4236.22314453125
15303352,1.1731289625167847,2898.723388671875
15304152,1.9918527603149414,1724.8985595703125
15304951,2.4959640502929688,218.41285705566406
15305752,3.225581645965576,51.739593505859375
15306551,3.9562416076660156,2167.04345703125
15307351,4.463879108428955,26.702919006347656
15308152,5.28751277923584,-0.563934326171875
15308952,5.963472366333008,-498.979248046875
15309752,0.24181032180786133,-5258.59716796875
15310552,1.0167999267578125,5.3002471923828125
15311352,1.6171306371688843,2565.288330078125
15312152,2.270878791809082,1372.004638671875
15312951,3.04707932472229,-653.08056640625
15313751,3.6072800159454346,1336.4100341796875
15314552,4.289012908935547,1764.6678466796875
15315352,5.017498970031738,-1354.75830078125
15316151,5.496315002441406,859.824462890625
15316952,0.11270308494567871,-4556.42529296875
15317752,0.8183579444885254,-2428.6494140625
15318552,1.3059978485107422,3356.5537109375
15319352,2.156663417816162,1112.5311279296875
15320150,2.7365357875823975,81.95281982421875
15320952,3.306767463684082,490.5301818847656
15321752,4.121095657348633,2141.13232421875
15322551,4.736143112182617,-707.839111328125
15323352,5.3469977378845215,687.948974609375
15324152,6.151218414306641,-2015.0506591796875
15324951,0.44159865379333496,-4741.404296875
15325752,1.157165765762329,1422.7703857421875
15326551,1.8975379467010498,2233.91259765625
15327352,2.390490770339966,950.0590209960938
15328157,3.1776700019836426,-733.1484375
15328951,3.8461499214172363,2255.62890625
15329752,4.405939102172852,626.1967163085938
15330552,5.225174903869629,-884.1783447265625
15331351,5.83404541015625,177.2236328125
15332152,0.195145845413208,-5438.5966796875
15332952,0.9388501644134521,-264.6563720703125
15333751,1.5429935455322266,3179.587158203125
15334552,2.2786238193511963,656.2029418945312
15335351,2.972520112991333,-123.72776794433594
15336151,3.501079559326172,1118.4644775390625
15336952,4.251977920532227,1716.93017578125
15337751,4.930074691772461,-902.228759765625
15338551,5.441540718078613,986.4171142578125
15339352,0.050289154052734375,-3684.3564453125
15340151,0.7381501197814941,-3486.753173828125
15340952,1.2286014556884766,2310.32177734375
15341752,2.0573344230651855,1959.2926025390625
15342551,2.6223812103271484,445.40625
15343352,3.2796735763549805,-432.3324890136719
15344157,4.043531894683838,2678.652099609375
15344953,4.61125373840332,-507.22833251953125
15345752,5.318957328796387,-36.158477783203125
15346551,6.040947914123535,-1173.360107421875
15347352,0.340012788772583,-5354.54296875
15348152,1.1013603210449219,1565.751220703125
15348951,1.7976638078689575,2525.57373046875
15349753,2.3264567852020264,415.71807861328125
15350552,3.1046624183654785,-127.62751770019531
15351351,3.7423689365386963,1787.97900390625
15352157,4.367757320404053,869.0321044921875
15352952,5.134572982788086,-660.8107299804688
15353752,5.693175792694092,628.2901611328125
15354552,0.13947606086730957,-4863.7138671875
15355352,0.8601970672607422,-1707.6336669921875
15356151,1.4360270500183105,2640.443359375
15356952,2.2393550872802734,1605.4805908203125
15357751,2.888892412185669,-147.45166015625
15358551,3.3872437477111816,358.00970458984375
15359352,4.160654544830322,2548.048828125
15360156,4.849886417388916,-1215.5218505859375
15360952,5.399872303009033,627.4309692382812
15361752,6.252707481384277,-2957.865234375
15362551,0.6154918670654297,-4237.8212890625
15363353,1.1567972898483276,2842.627685546875
15364152,1.952728509902954,1817.59814453125
15364950,2.489877700805664,220.8179931640625
15365752,3.225754499435425,-14.353607177734375
15366551,3.955004930496216,2191.171142578125
15367351,4.4807329177856445,-24.315887451171875
15368158,5.241720199584961,34.914794921875
15368951,5.932842254638672,-427.44219970703125
15369752,0.23983359336853027,-5328.9169921875
15370552,1.003988265991211,18.397308349609375
15371351,1.6546111106872559,2555.330810546875
15372152,2.2561612129211426,1323.853759765625
15372951,3.0186164379119873,-561.732177734375
15373751,3.61551570892334,1329.868408203125
15374552,4.301554203033447,1719.845947265625
15375352,5.03651237487793,-1331.3388671875
15376156,5.521822452545166,808.2340087890625
15376953,0.07285141944885254,-4520.27294921875
15377751,0.8203575611114502,-2368.71826171875
15378552,1.3288780450820923,3304.857421875
15379352,2.1729843616485596,1123.6435546875
15380150,2.7900338172912598,63.76361083984375
15380952,3.307286262512207,466.70721435546875
15381752,4.099570274353027,2228.22509765625
15382551,4.75654411315918,-722.95849609375
15383352,5.367949485778809,647.8741455078125
15384157,6.183673858642578,-1992.9915771484375
15384951,0.464489221572876,-4783.1787109375
15385752,1.1042594909667969,1471.587646484375
15386551,1.8845067024230957,2288.5283203125
15387351,2.408080816268921,881.3652954101562
15388152,3.179443597793579,-725.0125732421875
15388951,3.8911612033843994,2238.1162109375
15389752,4.388787746429443,608.9483032226562
15390552,5.193198204040527,-796.0966796875
15391351,5.826521873474121,146.7860107421875
15392157,0.1929311752319336,-5482.7119140625
15392952,0.949589729309082,-259.3533935546875
15393751,1.5545490980148315,3130.2685546875
15394552,2.224576950073242,716.57080078125
15395351,2.9644298553466797,-78.5694580078125
15396151,3.517009735107422,1050.468994140625
15396953,4.250756740570068,1731.97314453125
15397751,4.966279029846191,-928.14501953125
15398551,5.425820350646973,962.5551147460938
15399352,0.030606746673583984,-3598.78857421875
15400156,0.7487413883209229,-3508.42822265625
15400952,1.2372875213623047,2280.068115234375
15401752,2.086081027984619,1968.16357421875
15402551,2.645124912261963,399.00537109375
15403352,3.2361018657684326,-371.0547180175781
15404152,4.0525617599487305,2718.7119140625
15404953,4.623254776000977,-571.4732055664062
15405752,5.330715179443359,-16.113922119140625
15406552,6.094531059265137,-1196.6083984375
15407352,0.31826353073120117,-5365.2783203125
15408158,1.070652723312378,1656.29931640625
15408951,1.7970892190933228,2488.376953125
15409752,2.3298306465148926,383.8197937011719
15410552,3.1225457191467285,-111.90934753417969
15411351,3.7463831901550293,1734.0679931640625
15412152,4.308964252471924,936.3680419921875
15412952,5.130511283874512,-625.499755859375
15413751,5.699385643005371,555.0936279296875
15414552,0.14580869674682617,-4836.25537109375
15415352,0.8895277976989746,-1748.628662109375
15416157,1.3970927000045776,2629.1806640625
15416952,2.206751823425293,1701.274169921875
15417751,2.8804216384887695,-198.68472290039062
15418551,3.386486291885376,334.9761962890625
15419352,4.173989295959473,2554.02294921875
15420151,4.84645414352417,-1265.184814453125
15420952,5.35296630859375,715.6162719726562
15421752,6.25125789642334,-2946.725341796875
15422551,0.6214866638183594,-4304.8330078125
15423352,1.1633532047271729,2877.4384765625
15424157,1.9774636030197144,1760.9215087890625
15424950,2.46235728263855,233.302490234375
15425752,3.2095284461975098,75.5311279296875
15426551,3.967041492462158,2133.5078125
15427355,4.493093967437744,-29.77556610107422
15428152,5.272194862365723,29.68585205078125
15428951,5.952776908874512,-468.48291015625
15429752,0.22072052955627441,-5243.3115234375
15430552,1.037449598312378,25.7666015625
15431351,1.673046350479126,2505.727294921875
15432152,2.291058301925659,1347.5018310546875
15432951,3.0582258701324463,-601.7315063476562
15433751,3.5970168113708496,1353.678955078125
15434552,4.29922342300415,1793.9805908203125
15435352,5.055864334106445,-1383.0322265625
15436156,5.534558296203613,800.995849609375
15436952,0.10960888862609863,-4513.9921875
15437751,0.823432445526123,-2395.4296875
15438552,1.2922269105911255,3379.7265625
15439352,2.1744635105133057,1117.6231689453125
15440150,2.791922092437744,11.9210205078125
15440952,3.314166307449341,486.0149230957031
15441752,4.123473167419434,2180.731201171875
15442554,4.720828056335449,-688.7239379882812
15443352,5.349355697631836,711.91552734375
15444157,6.181379318237305,-2058.91796875
15444951,0.4646174907684326,-4791.44287109375
15445753,1.129368543624878,1453.7255859375
15446551,1.8787037134170532,2259.99560546875
15447351,2.3652944564819336,969.737060546875
15448152,3.1931538581848145,-738.3619384765625
15448951,3.8825626373291016,2192.79052734375
15449752,4.402824878692627,632.6148681640625
15450552,5.20912504196167,-851.9796142578125
15451351,5.787958145141602,181.5257568359375
15452152,0.1812279224395752,-5420.3701171875
15452952,0.9659719467163086,-315.3182373046875
15453751,1.556284785270691,3133.9931640625
15454552,2.260740041732788,700.1525268554688
15455351,2.9566259384155273,-100.04017639160156
15456157,3.4815444946289062,1135.262451171875
15456952,4.276677131652832,1714.365478515625
15457753,4.968934535980225,-973.64208984375
15458552,5.4511895179748535,989.1238403320312
15459352,0.05179429054260254,-3644.99658203125
15460151,0.7136528491973877,-3468.4970703125
15460952,1.2331057786941528,2343.4296875
15461752,2.0938491821289062,1900.329833984375
15462551,2.651407480239868,403.5803527832031
15463352,3.266592025756836,-383.43817138671875
15464157,4.028942108154297,2696.419677734375
15464955,4.589335918426514,-477.1781005859375
15465752,5.338529586791992,-41.478057861328125
15466551,6.079216003417969,-1234.765380859375
15467352,0.33635616302490234,-5343.73828125
15468152,1.079219102859497,1588.18017578125
15468951,1.7457494735717773,2545.130859375
15469752,2.314464569091797,440.13177490234375
15470552,3.1221885681152344,-189.28262329101562
15471351,3.745182991027832,1748.786865234375
15472157,4.33370304107666,908.66015625
15472952,5.097466468811035,-638.9625854492188
15473751,5.6652326583862305,650.175048828125
15474552,0.1537928581237793,-4883.04736328125
15475352,0.8820345401763916,-1771.0751953125
15476151,1.4244937896728516,2647.58935546875
15476952,2.214479684829712,1633.79931640625
15477751,2.8441925048828125,-129.07965087890625
15478551,3.385117769241333,368.90252685546875
15479352,4.203708648681641,2491.3837890625
15480156,4.862261772155762,-1242.60693359375
15480952,5.386880397796631,676.4413452148438
15481752,6.234682083129883,-2939.208251953125
15482551,0.6023204326629639,-4217.7255859375
15483352,1.2004749774932861,2834.1162109375
15484153,1.9964903593063354,1749.5137939453125
15484952,2.4887359142303467,241.13516235351562
15485753,3.2175776958465576,28.70867919921875
15486551,3.933645009994507,2206.58154296875
15487351,4.499264717102051,-7.213447570800781
15488158,5.296897888183594,-27.906036376953125
15488951,5.979187488555908,-448.98199462890625
15489753,0.24731707572937012,-5276.6435546875
15490552,0.9964132308959961,38.86430358886719
15491351,1.6537801027297974,2584.693359375
15492152,2.3033015727996826,1292.852783203125
15492951,3.0562562942504883,-621.865966796875
15493751,3.6194584369659424,1359.547119140625
15494552,4.2922844886779785,1748.6307373046875
15495352,5.01746940612793,-1307.597412109375
15496156,5.535566329956055,818.6132202148438
15496952,0.11806392669677734,-4577.123046875
15497751,0.8244471549987793,-2388.8291015625
15498552,1.3147562742233276,3337.623779296875
15499352,2.132737159729004,1148.4737548828125
15500150,2.7646126747131348,83.0703125
15500952,3.3258962631225586,426.10528564453125
15501752,4.1126298904418945,2180.430419921875
15502554,4.742046356201172,-697.35400390625
15503352,5.340624809265137,665.7725219726562
15504157,6.143932342529297,-1974.6241455078125
15504952,0.4627060890197754,-4789.4052734375
15505753,1.143761157989502,1400.150146484375
15506552,1.8938844203948975,2282.482177734375
15507351,2.3890187740325928,923.4495239257812
15508153,3.1569182872772217,-710.08251953125
15508952,3.87192964553833,2264.109375
15509753,4.424334526062012,568.4933471679688
15510552,5.21746826171875,-850.3515625
15511351,5.835163116455078,186.6783447265625
15512158,0.17605042457580566,-5460.50830078125
15512952,0.9269683361053467,-234.29515075683594
15513751,1.5601739883422852,3139.3447265625
15514552,2.272291898727417,647.905517578125
15515351,2.9778125286102295,-78.18428039550781
15516151,3.502645492553711,1093.538330078125
15516952,4.221781253814697,1748.81689453125
15517751,4.952160835266113,-906.9087524414062
15518551,5.4525604248046875,921.169189453125
15519352,0.0408015251159668,-3638.162109375
15520156,0.7420341968536377,-3485.756103515625
15520953,1.213136911392212,2300.95166015625
15521752,2.0550427436828613,1999.8123779296875
15522551,2.641569137573242,388.4174499511719
15523352,3.265462875366211,-437.39459228515625
15524152,4.034703254699707,2715.7001953125
15524953,4.599506855010986,-533.677001953125
15525752,5.2875261306762695,5.30029296875
15526551,6.06256103515625,-1177.718017578125
15527352,0.3476083278656006,-5414.1806640625
15528158,1.079479694366455,1607.451171875
15528951,1.794582724571228,2519.852783203125
15529752,2.3022589683532715,406.64715576171875
15530552,3.109102964401245,-90.15090942382812
15531351,3.757383346557617,1724.6759033203125
15532157,4.3508806228637695,872.1402587890625
15532952,5.127745628356934,-617.720458984375
15533751,5.686634063720703,600.094482421875
15534553,0.11601018905639648,-4823.62255859375
15535352,0.8962562084197998,-1723.893310546875
15536151,1.4420819282531738,2586.646484375
15536952,2.2384212017059326,1653.6966552734375
15537751,2.8940603733062744,-152.342041015625
15538551,3.378316879272461,358.8497314453125
15539352,4.187421798706055,2576.6181640625
15540159,4.882287502288818,-1277.744873046875
15540952,5.406349182128906,643.640869140625
15541752,6.271400451660156,-2920.22802734375
15542551,0.6264111995697021,-4255.85498046875
15543352,1.1497411727905273,2893.08642578125
15544152,1.9957985877990723,1782.852294921875
15544951,2.513294219970703,175.1108856201172
15545752,3.2323055267333984,45.152862548828125
15546551,3.987093687057495,2178.493896484375
15547352,4.480886459350586,-10.601707458496094
15548158,5.27305793762207,58.76361083984375
15548951,5.97005558013916,-487.9158935546875
15549752,0.2539713382720947,-5307.0478515625
15550552,1.0158946514129639,32.268829345703125
15551351,1.6631343364715576,2540.0966796875
15552152,2.2540178298950195,1374.4246826171875
15552951,3.04791259765625,-601.1051025390625
15553751,3.6291000843048096,1297.5306396484375
15554552,4.29862117767334,1773.272216796875
15555352,5.0459136962890625,-1355.833740234375
15556157,5.510346412658691,812.3414306640625
15556952,0.09644436836242676,-4494.95703125
15557751,0.8385531902313232,-2424.89697265625
15558552,1.3205217123031616,3318.89990234375
15559352,2.1687419414520264,1144.3040771484375
15560150,2.7748398780822754,40.696319580078125
15560952,3.291557550430298,500.5135803222656
15561752,4.138288974761963,2199.96533203125
15562554,4.758010387420654,-755.38720703125
15563352,5.366100311279297,693.71044921875
15564157,6.18636417388916,-2011.0208740234375
15564952,0.4391469955444336,-4778.63916015625
15565753,1.1284642219543457,1486.771484375
15566551,1.9038755893707275,2233.255859375
15567351,2.3995351791381836,905.1989135742188
15568152,3.1793336868286133,-705.2484130859375
15568951,3.8754189014434814,2228.603759765625
15569752,4.372426986694336,648.1630249023438
15570552,5.2185163497924805,-843.8846435546875
15571351,5.834963798522949,118.78228759765625
15572157,0.18829822540283203,-5433.12255859375
15572952,0.9552874565124512,-280.29754638671875
15573752,1.5278717279434204,3153.5654296875
15574552,2.2450313568115234,727.7080688476562
15575351,2.9660160541534424,-146.5508270263672
15576151,3.4999070167541504,1085.831298828125
15576952,4.242830753326416,1740.4417724609375
15577751,4.9429802894592285,-946.2579345703125
15578551,5.408590316772461,1016.0887451171875
15579352,0.04636549949645996,-3647.9423828125
15580156,0.7365453243255615,-3531.9208984375
15580953,1.223059892654419,2329.28759765625
15581752,2.070587635040283,1935.803466796875
15582551,2.6049184799194336,418.6600341796875
15583352,3.25481915473938,-364.88226318359375
15584152,4.044103145599365,2659.133056640625
15584951,4.603842258453369,-531.1795043945312
15585752,5.316614151000977,-9.423370361328125
15586551,6.065859794616699,-1209.7568359375
15587352,0.3165600299835205,-5325.943359375
15588158,1.111971139907837,1599.581298828125
15588951,1.8042494058609009,2478.760986328125
15589752,2.331484079360962,430.58441162109375
15590552,3.126680374145508,-140.1324920654297
15591351,3.7274765968322754,1765.3238525390625
15592152,4.349092483520508,929.078125
15592952,5.14353609085083,-679.2464599609375
15593751,5.700615406036377,607.87841796875
15594553,0.15906405448913574,-4835.0166015625
15595352,0.8889086246490479,-1739.943115234375
15596157,1.4150279760360718,2673.45458984375
15596952,2.2511723041534424,1629.390625
15597751,2.900341749191284,-195.3902587890625
15598553,3.393378973007202,378.47015380859375
15599352,4.198718070983887,2526.897216796875
15600154,4.838833808898926,-1224.9879150390625
15600952,5.391793727874756,696.686767578125
15601752,6.27015495300293,-2988.602783203125
15602551,0.6253466606140137,-4256.4140625
15603352,1.1767823696136475,2864.72314453125
15604157,1.9773608446121216,1775.918701171875
15604950,2.4680728912353516,263.759765625
15605752,3.2442386150360107,8.3753662109375
15606551,3.971904754638672,2144.41259765625
15607351,4.4977946281433105,4.0145111083984375
15608152,5.282939910888672,1.7353515625
15608951,5.929532051086426,-436.75909423828125
15609752,0.249586820602417,-5261.0107421875
15610552,1.04288911819458,-20.180343627929688
15611351,1.672961711883545,2549.350341796875
15612157,2.2930359840393066,1342.419921875
15612951,3.0368106365203857,-604.4410400390625
15613751,3.605372428894043,1384.226318359375
15614552,4.32825231552124,1738.7147216796875
15615352,5.050992965698242,-1384.1064453125
15616151,5.532064437866211,835.267578125
15616953,0.10552048683166504,-4541.9873046875
15617751,0.7915441989898682,-2369.412109375
15618552,1.324051856994629,3363.986328125
15619352,2.1738533973693848,1080.6776123046875
15620156,2.782136917114258,54.555084228515625
15620952,3.3130173683166504,474.5657043457031
15621752,4.090714454650879,2193.22265625
15622551,4.728480815887451,-669.08544921875
15623352,5.363211631774902,646.10009765625
15624152,6.170679092407227,-2038.1444091796875
15624951,0.4517042636871338,-4766.4462890625
15625752,1.116898775100708,1424.6112060546875
15626552,1.8426785469055176,2303.48876953125
15627352,2.3829236030578613,939.4766845703125
15628157,3.1787240505218506,-775.4063110351562
15628951,3.859555244445801,2244.05322265625
15629752,4.390811920166016,604.5874633789062
15630552,5.1725568771362305,-833.4093017578125
15631351,5.781352996826172,211.4925537109375
15632157,0.18537545204162598,-5493.96875
15632952,0.9356141090393066,-292.3443603515625
15633751,1.5443410873413086,3154.162353515625
15634552,2.230811595916748,671.3857421875
15635351,2.9277448654174805,-55.8701171875
15636151,3.4979705810546875,1096.3309326171875
15636952,4.254809379577637,1681.558349609375
15637751,4.952339172363281,-921.7267456054688
15638551,5.436648845672607,967.3985595703125
15639352,0.0171661376953125,-3627.72412109375
15640156,0.7298004627227783,-3453.63330078125
15640953,1.2486989498138428,2279.768310546875
15641753,2.0893349647521973,1932.8414306640625
15642551,2.653132200241089,426.5587158203125
15643352,3.253744602203369,-402.05108642578125
15644152,4.018085479736328,2729.7822265625
15644953,4.619275093078613,-522.615478515625
15645752,5.343524932861328,-55.51611328125
15646551,6.087089538574219,-1183.032958984375
15647352,0.3393692970275879,-5363.1552734375
15648158,1.0546538829803467,1626.7635498046875
15648951,1.7758162021636963,2547.3408203125
15649752,2.3409600257873535,369.98468017578125
15650552,3.1241202354431152,-141.70425415039062
15651351,3.760891914367676,1756.602783203125
15652152,4.33064079284668,894.0525512695312
15652952,5.106264114379883,-592.584716796875
15653751,5.69559383392334,595.714599609375
15654552,0.1542675495147705,-4893.5166015625
15655352,0.8856301307678223,-1727.985107421875
15656157,1.4296178817749023,2624.2138671875
15656952,2.1937785148620605,1671.1610107421875
15657751,2.873910427093506,-133.36798095703125
15658552,3.4022016525268555,314.00018310546875
15659352,4.187674522399902,2533.06494140625
15660151,4.870053291320801,-1241.5863037109375
15660952,5.377573490142822,660.72802734375
15661752,6.234763145446777,-2906.31982421875
15662551,0.6244642734527588,-4264.791015625
15663352,1.1797691583633423,2824.786376953125
15664157,1.9940435886383057,1788.043701171875
15664950,2.4861936569213867,216.66253662109375
15665752,3.1970720291137695,55.911041259765625
15666551,3.9659600257873535,2203.15234375
15667354,4.5077223777771,-58.155548095703125
15668152,5.2856855392456055,12.631927490234375
15668951,5.980413436889648,-449.126220703125
15669752,0.23289179801940918,-5292.1923828125
15670552,1.000760793685913,70.07060241699219
15671351,1.6758909225463867,2534.70849609375
15672152,2.2938833236694336,1293.590087890625
15672951,3.0549960136413574,-578.4873657226562
15673751,3.6165502071380615,1335.22705078125
15674553,4.262654781341553,1784.404052734375
15675352,5.041709899902344,-1325.99169921875
15676151,5.542001247406006,762.738525390625
15676952,0.10109210014343262,-4524.0537109375
15677751,0.8289012908935547,-2395.140625
15678552,1.2911906242370605,3337.0546875
15679352,2.1423139572143555,1178.478759765625
15680156,2.7743842601776123,19.51348876953125
15680952,3.3096752166748047,438.7060546875
15681752,4.097828388214111,2206.322998046875
15682554,4.729883193969727,-722.1077880859375
15683352,5.314167022705078,715.9140014648438
15684152,6.15507173538208,-2003.637939453125
15684951,0.4641714096069336,-4835.4140625
15685752,1.1185438632965088,1454.1544189453125
15686552,1.8811537027359009,2262.28857421875
15687351,2.362549066543579,923.8447875976562
15688157,3.1636931896209717,-681.490234375
15688951,3.872004508972168,2200.28076171875
15689752,4.399221897125244,585.439697265625
15690552,5.202813148498535,-821.3300170898438
15691351,5.809948444366455,160.38800048828125
15692152,0.15418028831481934,-5421.453125
15692953,0.9596614837646484,-261.6425476074219
15693752,1.5637282133102417,3100.85302734375
15694552,2.2649385929107666,692.9524536132812
15695351,2.9749948978424072,-89.8653564453125
15696156,3.487079381942749,1103.6759033203125
15696952,4.245412349700928,1761.7723388671875
15697751,4.968008995056152,-962.3171997070312
15698551,5.455093860626221,952.42578125
15699352,0.04437088966369629,-3617.7841796875
15700151,0.7354049682617188,-3494.081298828125
15700952,1.208242416381836,2353.47216796875
15701752,2.0880022048950195,1947.31396484375
15702551,2.6649844646453857,356.7013244628906
15703352,3.2678117752075195,-378.931884765625
15704157,4.053999900817871,2693.020263671875
15704953,4.587011337280273,-509.4963684082031
15705752,5.313708305358887,20.205596923828125
15706551,6.0832366943359375,-1238.5699462890625
15707352,0.3411715030670166,-5382.39306640625
15708152,1.0779294967651367,1615.3624267578125
15708951,1.7828742265701294,2515.8564453125
15709752,2.290009021759033,452.9612731933594
15710552,3.1275861263275146,-141.24612426757812
15711351,3.7645673751831055,1704.8804931640625
15712152,4.338465213775635,916.8555908203125
15712952,5.12924861907959,-643.802978515625
15713751,5.664575576782227,614.400634765625
15714552,0.13425946235656738,-4818.2236328125
15715352,0.8973076343536377,-1779.3079833984375
15716151,1.4313656091690063,2617.470947265625
15716952,2.226851463317871,1663.606689453125
15717751,2.874997615814209,-169.62925720214844
15718551,3.362717628479004,395.872314453125
15719352,4.210360527038574,2533.26953125
15720156,4.873626708984375,-1295.493896484375
15720953,5.392393112182617,691.7366943359375
15721753,6.268798351287842,-2949.115234375
15722551,0.5960280895233154,-4243.7041015625
15723352,1.1738793849945068,2902.24267578125
15724152,1.9975602626800537,1729.7630615234375
15724950,2.495042324066162,208.47608947753906
15725752,3.225770950317383,56.5823974609375
15726553,3.958702325820923,2170.184814453125
15727351,4.465809345245361,24.619232177734375
15728158,5.290289878845215,4.900390625
15728951,5.967370510101318,-497.8494873046875
15729752,0.24191761016845703,-5260.900390625
15730552,1.0166876316070557,6.765106201171875
15731351,1.623571515083313,2568.1982421875
15732157,2.271106481552124,1367.421630859375
15732951,3.0474295616149902,-653.8582763671875
15733751,3.613680362701416,1337.89501953125
15734552,4.2886271476745605,1767.20849609375
15735352,5.019423484802246,-1352.4837646484375
15736151,5.499181270599365,857.4138793945312
15736952,0.11053037643432617,-4555.0166015625
15737751,0.8216276168823242,-2434.5166015625
15738552,1.3089582920074463,3360.48046875
15739352,2.1585640907287598,1117.0826416015625
15740156,2.7343499660491943,71.11196899414062
15740952,3.3085696697235107,491.50103759765625
15741752,4.124322891235352,2143.838623046875
15742551,4.742483139038086,-708.166015625
15743352,5.349274158477783,690.7918701171875
15744152,6.154336929321289,-2015.3477783203125
15744951,0.4374866485595703,-4743.384765625
15745752,1.155088186264038,1425.381103515625
15746553,1.8974989652633667,2234.00830078125
15747351,2.3916120529174805,947.5228271484375
15748157,3.1781601905822754,-730.9402465820312
15748951,3.8424103260040283,2256.51416015625
15749752,4.404576778411865,630.2933349609375
15750552,5.224144458770752,-887.89404296875
15751351,5.828379154205322,173.6246337890625
15752152,0.19341063499450684,-5437.2509765625
15752952,0.9365062713623047,-268.3221435546875
15753751,1.543209195137024,3184.310546875
15754552,2.2788915634155273,654.4279174804688
15755351,2.9733996391296387,-126.06471252441406
15756151,3.50227427482605,1121.2435302734375
15756953,4.2513427734375,1711.7982177734375
15757751,4.9293694496154785,-902.907958984375
15758551,5.443870544433594,990.4439697265625
15759352,0.05717134475708008,-3684.43603515625
15760151,0.7403488159179688,-3486.879638671875
15760952,1.2296499013900757,2315.08935546875
15761752,2.0558104515075684,1957.64306640625
15762551,2.6250228881835938,443.2503356933594
15763352,3.2761430740356445,-432.73675537109375
15764152,4.035517692565918,2678.070068359375
15764953,4.603699207305908,-502.1697998046875
15765752,5.312315940856934,-36.7242431640625
15766551,6.036739349365234,-1171.4962158203125
15767352,0.3407607078552246,-5355.9423828125
15768152,1.1007516384124756,1559.3822021484375
15768951,1.7930269241333008,2527.238525390625
15769752,2.324049234390259,414.38720703125
15770552,3.1039233207702637,-129.71197509765625
15771351,3.7403793334960938,1785.2864990234375
15772152,4.3631672859191895,865.829345703125
15772952,5.1352386474609375,-655.9080810546875
15773751,5.698189735412598,632.5091552734375
15774552,0.13572120666503906,-4866.45458984375
15775352,0.8578648567199707,-1706.0421142578125
15776151,1.438698172569275,2642.1201171875
15776952,2.2385847568511963,1602.0780029296875
15777751,2.8879659175872803,-144.16903686523438
15778551,3.3873867988586426,357.895751953125
15779352,4.1625447273254395,2545.77001953125
15780151,4.848485469818115,-1212.150634765625
15780952,5.397505760192871,630.3612060546875
15781752,6.25408935546875,-2958.68359375
15782551,0.6187925338745117,-4243.4833984375
15783352,1.1555474996566772,2846.476318359375
15784152,1.9527440071105957,1820.5882568359375
15784951,2.4864745140075684,216.79415893554688
15785752,3.224311113357544,-11.709136962890625
15786551,3.9593334197998047,2190.078125
15787354,4.480443954467773,-27.004234313964844
15788152,5.2422990798950195,37.193084716796875
15788951,5.938652992248535,-427.9560546875
15789752,0.24753046035766602,-5330.37646484375
15790553,1.0089163780212402,20.7694091796875
15791351,1.6588495969772339,2553.9345703125
15792152,2.2623939514160156,1322.225830078125
15792951,3.0209147930145264,-560.341796875
15793751,3.6203722953796387,1330.7928466796875
15794552,4.303147315979004,1725.474365234375
15795353,5.041250228881836,-1333.0753173828125
15796151,5.521739959716797,808.0914306640625
15796952,0.0705709457397461,-4514.78564453125
15797751,0.8217651844024658,-2374.053955078125
15798552,1.3304318189620972,3304.645751953125
15799353,2.1733896732330322,1126.511474609375
15800150,2.789091110229492,61.9666748046875
15800952,3.3047173023223877,466.937255859375
15801752,4.1016130447387695,2226.830322265625
15802554,4.757636070251465,-724.8787231445312
15803352,5.3674235343933105,646.7837524414062
15804152,6.186452865600586,-1993.2861328125
15804951,0.46338748931884766,-4783.2529296875
15805752,1.1068511009216309,1471.2794189453125
15806552,1.8883403539657593,2287.784912109375
15807351,2.4134795665740967,880.511962890625
15808152,3.1834909915924072,-721.8355102539062
15808951,3.8951940536499023,2240.9951171875
15809752,4.392045497894287,606.984375
15810552,5.19497013092041,-797.2764892578125
15811351,5.830540180206299,147.2486572265625
15812152,0.19215106964111328,-5481.296875
15812952,0.9470055103302002,-258.2694091796875
15813751,1.5528610944747925,3131.75439453125
15814552,2.218045949935913,719.2861938476562
15815351,2.964752674102783,-82.18043518066406
15816151,3.5192060470581055,1048.718994140625
15816952,4.25144624710083,1732.756103515625
15817751,4.965911865234375,-932.7063598632812
15818551,5.428792953491211,964.1397094726562
15819352,0.029181718826293945,-3597.937744140625
15820151,0.7436277866363525,-3512.85498046875
15820953,1.2349399328231812,2280.32861328125
15821752,2.084892749786377,1966.4251708984375
15822551,2.647082805633545,398.07513427734375
15823352,3.2373557090759277,-366.1381530761719
15824152,4.0506415367126465,2719.9365234375
15824953,4.621133327484131,-572.29833984375
15825752,5.33120059967041,-12.769744873046875
15826551,6.094456195831299,-1198.8369140625
15827352,0.3236839771270752,-5370.9912109375
15828158,1.0727760791778564,1657.81982421875
15828951,1.7986900806427002,2490.920166015625
15829752,2.3298327922821045,385.85150146484375
15830552,3.123119831085205,-113.92970275878906
15831351,3.749269723892212,1735.20654296875
15832152,4.305243492126465,937.5809936523438
15832952,5.128630638122559,-630.6224365234375
15833751,5.703991413116455,561.8215942382812
15834552,0.14746856689453125,-4837.44482421875
15835352,0.8884947299957275,-1751.892578125
15836151,1.3990157842636108,2634.4619140625
15836952,2.207226037979126,1694.7855224609375
15837751,2.8794023990631104,-200.04393005371094
15838551,3.387282133102417,338.8682861328125
15839352,4.174820423126221,2553.762939453125
15840159,4.845467567443848,-1268.066650390625
15840952,5.3532915115356445,715.703125
15841752,6.249748706817627,-2943.15478515625
15842551,0.622704267501831,-4305.9404296875
15843352,1.1578856706619263,2877.83251953125
15844152,1.9794886112213135,1764.341552734375
15844950,2.4610986709594727,232.3043212890625
15845752,3.20986270904541,71.05804443359375
15846551,3.9624805450439453,2136.1689453125
15847354,4.489981174468994,-29.73474884033203
15848158,5.268486976623535,27.236572265625
15848951,5.950517654418945,-465.55902099609375
15849752,0.2195148468017578,-5246.47705078125
15850552,1.036388874053955,24.276870727539062
15851351,1.678835153579712,2507.826904296875
15852152,2.29068660736084,1347.444580078125
15852951,3.0573713779449463,-600.7299194335938
15853751,3.6005711555480957,1350.093994140625
15854552,4.302165508270264,1792.1517333984375
15855352,5.055752754211426,-1377.42578125
15856157,5.541742324829102,801.417236328125
15856952,0.11110687255859375,-4517.45849609375
15857751,0.8266470432281494,-2396.094482421875
15858552,1.2939211130142212,3383.4482421875
15859353,2.1771950721740723,1120.1173095703125
15860150,2.7929084300994873,9.75531005859375
15860952,3.3186864852905273,487.7635192871094
15861752,4.1260175704956055,2181.726318359375
15862551,4.723871231079102,-689.2474365234375
15863352,5.348732948303223,713.34228515625
15864157,6.181403160095215,-2056.634033203125
15864951,0.4609663486480713,-4793.4677734375
15865752,1.127906322479248,1449.5931396484375
15866552,1.883531093597412,2262.9814453125
15867351,2.3633735179901123,970.0223388671875
15868152,3.193561553955078,-738.7392578125
15868951,3.882780075073242,2195.988037109375
15869752,4.401250839233398,628.9898681640625
15870552,5.212064266204834,-855.621826171875
15871351,5.7911787033081055,184.65863037109375
15872157,0.18210601806640625,-5422.1796875
15872952,0.9690408706665039,-317.2515869140625
15873751,1.5577458143234253,3138.35107421875
15874552,2.2633707523345947,699.0587158203125
15875351,2.9580657482147217,-101.80943298339844
15876151,3.4847464561462402,1136.8892822265625
15876952,4.273727893829346,1712.619384765625
15877751,4.966161727905273,-973.9310302734375
15878551,5.445316314697266,993.8026123046875
15879352,0.045514583587646484,-3645.5029296875
15880156,0.706254243850708,-3469.5791015625
15880952,1.231298804283142,2346.373046875
15881753,2.0916244983673096,1897.2822265625
15882551,2.6525487899780273,403.0197448730469
15883352,3.2663190364837646,-382.60400390625
15884152,4.026078224182129,2694.036865234375
15884953,4.587944030761719,-479.87799072265625
15885752,5.337841987609863,-46.16351318359375
15886551,6.081760406494141,-1233.564208984375
15887352,0.3343977928161621,-5344.9521484375
15888158,1.078502893447876,1589.58544921875
15888951,1.7449537515640259,2553.366455078125
15889752,2.314790725708008,436.9127197265625
15890552,3.123771905899048,-190.17868041992188
15891351,3.746992588043213,1750.2847900390625
15892152,4.3329033851623535,904.5509643554688
15892953,5.099876880645752,-635.8975830078125
15893751,5.664161682128906,654.044189453125
15894552,0.14659333229064941,-4886.1337890625
15895352,0.877129077911377,-1773.407958984375
15896157,1.4229217767715454,2650.759765625
15896952,2.2093276977539062,1633.620849609375
15897751,2.838651418685913,-130.24880981445312
15898553,3.3823635578155518,370.13494873046875
15899352,4.198769569396973,2489.5947265625
15900154,4.8566694259643555,-1242.389404296875
15900952,5.385773658752441,675.5590209960938
15901752,6.235446929931641,-2945.044189453125
15902551,0.6058921813964844,-4219.5498046875
15903352,1.1995242834091187,2838.8359375
15904157,1.9980732202529907,1749.984619140625
15904950,2.4909958839416504,239.76864624023438
15905752,3.2192251682281494,30.69293212890625
15906551,3.9365274906158447,2206.96142578125
15907351,4.501543045043945,-7.9239959716796875
15908152,5.3005757331848145,-26.841705322265625
15908951,5.982196807861328,-443.739990234375
15909752,0.25005006790161133,-5277.46875
15910553,0.9941256046295166,37.90507507324219
15911351,1.656001329421997,2587.3876953125
15912158,2.3041763305664062,1290.9993896484375
15912951,3.0566210746765137,-619.0061645507812
15913751,3.6185462474823,1359.2188720703125
15914552,4.287290096282959,1747.684814453125
15915352,5.01948881149292,-1306.456787109375
15916151,5.538948059082031,815.4950561523438
15916952,0.11975288391113281,-4579.05322265625
15917751,0.8292808532714844,-2390.329833984375
15918552,1.3172162771224976,3341.1962890625
15919353,2.139223337173462,1148.9072265625
15920156,2.7685108184814453,80.89956665039062
15920952,3.329644203186035,425.341064453125
15921752,4.1146745681762695,2177.438720703125
15922553,4.751549243927002,-691.7196044921875
15923352,5.344679832458496,670.3873291015625
15924152,6.144545555114746,-1978.1414794921875
15924951,0.46254754066467285,-4788.4462890625
15925754,1.1451122760772705,1403.214599609375
15926552,1.9033340215682983,2280.382080078125
15927351,2.392293691635132,923.81103515625
15928157,3.1576287746429443,-708.7073974609375
15928951,3.8688430786132812,2264.748046875
15929752,4.4216179847717285,570.9544677734375
15930552,5.213799953460693,-853.2759399414062
15931351,5.842438697814941,183.7626953125
15932157,0.17870593070983887,-5462.48828125
15932952,0.9307079315185547,-232.23980712890625
15933751,1.5640515089035034,3144.4150390625
15934552,2.2754015922546387,643.1589965820312
15935351,2.977940797805786,-83.45268249511719
15936151,3.5086188316345215,1093.3372802734375
15936952,4.2213544845581055,1747.408447265625
15937751,4.954596996307373,-905.4270629882812
15938551,5.456282615661621,927.1468505859375
15939352,0.0431513786315918,-3635.80078125
15940156,0.739408016204834,-3486.73876953125
15940952,1.2170836925506592,2300.471435546875
15941752,2.056016206741333,2000.0250244140625
15942551,2.6464931964874268,386.8685607910156
15943353,3.2653188705444336,-440.01348876953125
15944152,4.025787353515625,2717.812744140625
15944954,4.596383571624756,-533.1015625
15945752,5.282780170440674,5.703094482421875
15946551,6.054970741271973,-1178.129638671875
15947352,0.3449745178222656,-5419.7763671875
15948158,1.0717895030975342,1610.7769775390625
15948951,1.784846305847168,2525.02294921875
15949752,2.301628351211548,402.259033203125
15950552,3.1037402153015137,-94.49534606933594
15951352,3.7521185874938965,1722.220458984375
15952152,4.342696666717529,868.5082397460938
15952952,5.127553939819336,-615.8141479492188
15953751,5.6878662109375,603.49462890625
15954552,0.10858345031738281,-4830.3740234375
15955352,0.8901443481445312,-1722.8701171875
15956157,1.447984218597412,2591.4296875
15956952,2.234989643096924,1650.857177734375
15957751,2.895827054977417,-150.0418701171875
15958551,3.378199338912964,355.74700927734375
15959353,4.180400371551514,2579.3857421875
15960151,4.877684116363525,-1270.61669921875
15960952,5.399380683898926,641.0098266601562
15961752,6.266862392425537,-2922.465087890625
15962551,0.623483419418335,-4262.81982421875
15963352,1.1484371423721313,2899.435302734375
15964157,1.9903663396835327,1791.0814208984375
15964951,2.511335849761963,165.1134490966797
15965752,3.226806402206421,43.14306640625
15966551,3.981995105743408,2178.65283203125
15967355,4.4815778732299805,-14.460174560546875
15968152,5.273002624511719,61.882659912109375
15968951,5.9779815673828125,-486.27716064453125
15969752,0.2509887218475342,-5309.58203125
15970552,1.0130228996276855,36.71095275878906
15971351,1.6649099588394165,2540.0322265625
15972157,2.246112823486328,1371.87353515625
15972951,3.053295850753784,-597.278564453125
15973751,3.6314806938171387,1292.6463623046875
15974552,4.292162895202637,1781.01904296875
15975352,5.044155120849609,-1348.391845703125
15976151,5.50804328918457,806.174072265625
15976952,0.09191465377807617,-4494.57763671875
15977751,0.8349611759185791,-2431.87353515625
15978552,1.315653920173645,3321.1650390625
15979352,2.165475845336914,1149.884521484375
15980156,2.775179386138916,35.8433837890625
15980952,3.2895219326019287,502.6288757324219
15981752,4.133305072784424,2197.770263671875
15982554,4.757245063781738,-761.388916015625
15983352,5.360176086425781,698.3544921875
15984152,6.191466331481934,-2009.032958984375
15984951,0.43622636795043945,-4783.5517578125
15985752,1.1264960765838623,1489.258056640625
15986552,1.9008976221084595,2228.468017578125
15987351,2.401923656463623,908.7645263671875
15988157,3.184408187866211,-698.1961669921875
15988951,3.878462076187134,2218.046875
15989753,4.370180606842041,651.238037109375
15990552,5.21903133392334,-841.0660400390625
15991351,5.8332319259643555,122.697998046875
15992152,0.18675780296325684,-5430.6064453125
15992952,0.954010009765625,-290.18988037109375
15993751,1.5277780294418335,3158.32275390625
15994552,2.242670774459839,732.4476318359375
15995351,2.9681344032287598,-147.46470642089844
15996157,3.4999325275421143,1086.3895263671875
15996952,4.240174293518066,1738.6690673828125
15997751,4.94133186340332,-951.662841796875
15998551,5.412166595458984,1018.16162109375
15999352,0.04762768745422363,-3643.74755859375
16000151,0.735713005065918,-3536.62451171875
16000952,1.223555088043213,2331.998779296875
16001752,2.0722427368164062,1933.71826171875
16002551,2.6096627712249756,420.39544677734375
16003352,3.2550039291381836,-362.1026611328125
16004157,4.045318603515625,2652.2880859375
16004952,4.603695869445801,-527.4129638671875
16005752,5.315372467041016,-5.630218505859375
16006551,6.059643745422363,-1207.839111328125
16007352,0.31572461128234863,-5329.58984375
16008152,1.1060631275177002,1597.78759765625
16008951,1.7973088026046753,2483.373779296875
16009752,2.3261311054229736,429.8127136230469
16010552,3.124143123626709,-138.8721160888672
16011351,3.7246830463409424,1763.601318359375
16012157,4.341405391693115,926.483154296875
16012952,5.142827033996582,-681.65185546875
16013752,5.70160436630249,606.7337646484375
16014552,0.1525712013244629,-4834.21875
16015352,0.8858487606048584,-1742.552001953125
16016151,1.4157894849777222,2672.48779296875
16016953,2.2466373443603516,1629.9385986328125
16017751,2.8971240520477295,-193.2665252685547
16018551,3.3923490047454834,377.6007080078125
16019352,4.200417995452881,2526.04248046875
16020159,4.8374738693237305,-1223.4324951171875
16020952,5.388345241546631,696.8699340820312
16021752,6.270084381103516,-2989.3330078125
16022552,0.6282775402069092,-4258.63671875
16023352,1.1734119653701782,2868.833251953125
16024152,1.9757558107376099,1778.0107421875
16024950,2.465778112411499,261.09637451171875
16025752,3.2394051551818848,11.643157958984375
16026551,3.9676616191864014,2145.879638671875
16027351,4.497174263000488,2.4157638549804688
16028158,5.279388427734375,0.90802001953125
16028951,5.933062553405762,-437.74395751953125
16029752,0.24463391304016113,-5260.2578125
16030552,1.0386314392089844,-19.964065551757812
16031351,1.6696265935897827,2544.282958984375
16032157,2.2883098125457764,1340.96533203125
16032951,3.0347461700439453,-600.3720092773438
16033751,3.605712652206421,1381.9849853515625
16034552,4.326540946960449,1737.7998046875
16035352,5.0492634773254395,-1380.193603515625
16036151,5.53510046005249,836.047119140625
16036952,0.1047062873840332,-4545.84765625
16037751,0.7945554256439209,-2371.90576171875
16038552,1.321710467338562,3367.369140625
16039352,2.1774213314056396,1082.8016357421875
16040156,2.7825446128845215,55.67242431640625
16040952,3.3106541633605957,475.39971923828125
16041752,4.091273307800293,2192.5361328125
16042551,4.729362964630127,-671.2081298828125
16043352,5.361059665679932,646.4310302734375
16044152,6.173264503479004,-2033.8494873046875
16044951,0.45009517669677734,-4767.0703125
16045752,1.1152760982513428,1423.698486328125
16046552,1.8507881164550781,2304.670166015625
16047351,2.3892951011657715,939.3731689453125
16048157,3.1833808422088623,-778.9305419921875
16048951,3.872406482696533,2242.666015625
16049752,4.39689826965332,610.5877685546875
16050552,5.177552223205566,-832.2120971679688
